,Zip,City,State,Latitude,Longitude,Timezone,Daylight savings time flag,geopoint,County
15,31150,Atlanta,GA,33.844371,-84.47405,-5,1,"33.844371,-84.47405",Fulton County
16,31646,Saint George,GA,30.518903,-82.08063,-5,1,"30.518903,-82.08063",Washington County
17,31826,Shiloh,GA,32.803518,-84.69384000000001,-5,1,"32.803518,-84.69384",Hardin County
65,30334,Atlanta,GA,33.702657,-84.439127,-5,1,"33.702657,-84.439127",Fulton County
70,31606,Valdosta,GA,30.802411,-83.19624,-5,1,"30.802411,-83.19624",Lowndes County
76,31732,Cedar Springs,GA,31.169794,-85.0557,-5,1,"31.169794,-85.0557",Kent County
97,30444,East Point,GA,33.696073,-84.450276,-5,1,"33.696073,-84.450276",Fulton County
125,30531,Cornelia,GA,34.514215,-83.54118000000001,-5,1,"34.514215,-83.54118",Habersham County
202,30746,Sugar Valley,GA,34.574804,-85.02481999999999,-5,1,"34.574804,-85.02482",Gordon County
271,30415,Brooklet,GA,32.3456,-81.62339,-5,1,"32.3456,-81.62339",Bulloch County
272,31525,Brunswick,GA,31.260995,-81.49831999999999,-5,1,"31.260995,-81.49832",Medina County
304,30263,Newnan,GA,33.38779,-84.82536,-5,1,"33.38779,-84.82536",Coweta County
305,30384,Atlanta,GA,33.844371,-84.47405,-5,1,"33.844371,-84.47405",Fulton County
306,30728,La Fayette,GA,34.696201,-85.25824,-5,1,"34.696201,-85.25824",Chambers County
307,31714,Ashburn,GA,31.709742,-83.66519,-5,1,"31.709742,-83.66519",Loudoun County
368,30747,Summerville,GA,34.489847999999995,-85.32928000000001,-5,1,"34.489848,-85.32928",Dorchester County
369,31754,Georgetown,GA,31.860476000000002,-85.07534,-5,1,"31.860476,-85.07534",n/a
394,30339,Atlanta,GA,33.87507,-84.46615,-5,1,"33.87507,-84.46615",Fulton County
458,30354,Atlanta,GA,33.658834000000006,-84.39681999999999,-5,1,"33.658834,-84.39682",Fulton County
524,31069,Perry,GA,32.460791,-83.73541,-5,1,"32.460791,-83.73541",Noble County
537,30663,Rutledge,GA,33.614556,-83.61157,-5,1,"33.614556,-83.61157",Delaware County
597,30145,Kingston,GA,34.237986,-84.97801,-5,1,"34.237986,-84.97801",Caldwell County
598,30671,Maxeys,GA,33.748344,-83.18538000000001,-5,1,"33.748344,-83.18538",Oklahoma County
599,31719,Americus,GA,32.085491,-84.25266500000001,-5,1,"32.085491,-84.252665",Sumter County
724,31744,Doerun,GA,31.325003999999996,-83.90937,-5,1,"31.325004,-83.90937",Colquitt County
756,30364,Atlanta,GA,33.844371,-84.47405,-5,1,"33.844371,-84.47405",Fulton County
802,30552,Lakemont,GA,34.763553,-83.44201,-5,1,"34.763553,-83.44201",Delaware County
803,31758,Thomasville,GA,30.868187,-83.927785,-5,1,"30.868187,-83.927785",Thomas County
872,30111,Clarkdale,GA,33.912473,-84.557181,-5,1,"33.912473,-84.557181",Yavapai County
950,31071,Pineview,GA,32.13702,-83.52604000000001,-5,1,"32.13702,-83.52604",Forrest County
958,30567,Pendergrass,GA,34.167309,-83.68536,-5,1,"34.167309,-83.68536",Jackson County
1001,30370,Atlanta,GA,33.844371,-84.47405,-5,1,"33.844371,-84.47405",Fulton County
1002,30919,Augusta,GA,33.386041,-82.09099599999999,-5,1,"33.386041,-82.090996",Richmond County
1056,30450,Portal,GA,32.555659000000006,-81.9242,-5,1,"32.555659,-81.9242",Alameda County
1086,30014,Covington,GA,33.581406,-83.851,-5,1,"33.581406,-83.851",Kenton County
1230,31822,Pine Mountain,GA,32.867211,-84.88436999999999,-5,1,"32.867211,-84.88437",Cobb County
1231,31906,Columbus,GA,32.468441999999996,-84.95128000000001,-5,1,"32.468442,-84.95128",Franklin County
1297,31816,Manchester,GA,32.862377,-84.60879,-5,1,"32.862377,-84.60879",Greater Manchester
1320,30335,Atlanta,GA,33.752406,-84.389676,-5,1,"33.752406,-84.389676",Fulton County
1376,30148,Marble Hill,GA,34.452988,-84.25925,-5,1,"34.452988,-84.25925",New York County
1377,30187,Winston,GA,33.670405,-84.83809000000001,-5,1,"33.670405,-84.83809",Cleveland County
1378,30303,Atlanta,GA,33.752856,-84.39013,-5,1,"33.752856,-84.39013",Fulton County
1379,31066,Musella,GA,32.799959,-84.00588,-5,1,"32.799959,-84.00588",Crawford County
1422,30082,Smyrna,GA,33.859137,-84.53744,-5,1,"33.859137,-84.53744",Cobb County
1425,31635,Lakeland,GA,31.055578000000004,-83.07103000000001,-5,1,"31.055578,-83.07103",Polk County
1452,30234,Jenkinsburg,GA,33.325951,-84.03345999999999,-5,1,"33.325951,-84.03346",Butts County
1453,31798,Wray,GA,31.621764000000002,-83.05502,-5,1,"31.621764,-83.05502",Yuma County
1492,30750,Lookout Mountain,GA,34.957134,-85.37183,-5,1,"34.957134,-85.37183",Walker County
1493,31765,Meigs,GA,31.082140999999996,-84.05767,-5,1,"31.082141,-84.05767",Cherokee County
1553,31139,Atlanta,GA,33.844371,-84.47405,-5,1,"33.844371,-84.47405",Fulton County
1567,31044,Jeffersonville,GA,32.630784000000006,-83.37026999999999,-5,1,"32.630784,-83.37027",Clark County
1658,30633,Danielsville,GA,34.17085,-83.24654,-5,1,"34.17085,-83.24654",Madison County
1659,31208,Macon,GA,32.806707,-83.691315,-5,1,"32.806707,-83.691315",Bibb County
1695,31551,Mershon,GA,31.496025,-82.27322,-5,1,"31.496025,-82.27322",Clark County
1700,30710,Cohutta,GA,34.935105,-84.94641999999999,-5,1,"34.935105,-84.94642",Whitfield County
1738,30277,Sharpsburg,GA,33.387534,-84.65511,-5,1,"33.387534,-84.65511",Washington County
1739,31032,Gray,GA,33.003454999999995,-83.55078,-5,1,"33.003455,-83.55078",Jones County
1792,30114,Canton,GA,34.228478,-84.50402,-5,1,"34.228478,-84.50402",Stark County
1793,31316,Ludowici,GA,31.749909999999996,-81.75813000000001,-5,1,"31.74991,-81.75813",Perry County
1794,31534,Douglas,GA,31.571596000000003,-82.85463100000001,-5,1,"31.571596,-82.854631",Douglas County
1818,31131,Atlanta,GA,33.844371,-84.47405,-5,1,"33.844371,-84.47405",Fulton County
1863,30312,Atlanta,GA,33.745739,-84.3764,-5,1,"33.745739,-84.3764",Fulton County
1902,30141,Hiram,GA,33.867574,-84.77103000000001,-5,1,"33.867574,-84.77103",Paulding County
1905,30814,Harlem,GA,33.423590000000004,-82.31013,-5,1,"33.42359,-82.31013",New York County
1906,31057,Marshallville,GA,32.446656,-83.93413000000001,-5,1,"32.446656,-83.93413",Wayne County
1907,31795,Ty Ty,GA,31.47387,-83.66484,-5,1,"31.47387,-83.66484",Tift County
1932,30458,Statesboro,GA,32.423083,-81.80677,-5,1,"32.423083,-81.80677",Bulloch County
1982,31299,Macon,GA,32.806707,-83.691315,-5,1,"32.806707,-83.691315",Bibb County
2050,31498,Savannah,GA,31.971394,-81.07155999999999,-5,1,"31.971394,-81.07156",Chatham County
2089,31555,Odum,GA,31.670475,-82.04944,-5,1,"31.670475,-82.04944",Oklahoma County
2116,31700,Albany,GA,31.564273999999997,-84.165407,-5,1,"31.564274,-84.165407",Albany County
2137,31072,Pitts,GA,31.951839,-83.56747,-5,1,"31.951839,-83.56747",Montgomery County
2224,30439,Metter,GA,32.414401,-82.05534,-5,1,"32.414401,-82.05534",Candler County
2283,31836,Woodland,GA,32.797475,-84.54095,-5,1,"32.797475,-84.54095",Yolo County
2359,30448,Nunez,GA,32.49126,-82.36787,-5,1,"32.49126,-82.36787",St. Bernard Parish
2360,30833,Wrens,GA,33.200325,-82.37625,-5,1,"33.200325,-82.37625",Jefferson County
2385,31020,Dry Branch,GA,32.719907,-83.4905,-5,1,"32.719907,-83.4905",Twiggs County
2583,30139,Fairmount,GA,34.434629,-84.70133,-5,1,"34.434629,-84.70133",Sedgwick County
2611,31318,Meldrim,GA,32.141974,-81.37892,-5,1,"32.141974,-81.37892",Effingham County
2654,30453,Reidsville,GA,32.057356,-82.1214,-5,1,"32.057356,-82.1214",Rockingham County
2666,31740,Cuthbert,GA,31.781815,-84.76444000000001,-5,1,"31.781815,-84.76444",Randolph County
2741,30072,Pine Lake,GA,33.791505,-84.20642,-5,1,"33.791505,-84.20642",DeKalb County
2844,30527,Clermont,GA,34.481514000000004,-83.78599,-5,1,"34.481514,-83.78599",Lake County
2846,31310,Hinesville,GA,31.806832,-81.437074,-5,1,"31.806832,-81.437074",Liberty County
2860,31510,Alma,GA,31.551458,-82.44618,-5,1,"31.551458,-82.44618",Crawford County
2903,31017,Danville,GA,32.600844,-83.24549,-5,1,"32.600844,-83.24549",Contra Costa County
2973,31213,Macon,GA,32.839289,-83.638752,-5,1,"32.839289,-83.638752",Bibb County
2975,31636,Lake Park,GA,30.722890000000003,-83.13302,-5,1,"30.72289,-83.13302",San Luis Obispo County
3073,30058,Lithonia,GA,33.750257,-84.0964,-5,1,"33.750257,-84.0964",DeKalb County
3092,30669,Union Point,GA,33.652489,-83.08856999999999,-5,1,"33.652489,-83.08857",Tulsa County
3145,30157,Dallas,GA,33.892503999999995,-84.8346,-5,1,"33.892504,-84.8346",Dallas County
3224,30881,Atlanta,GA,33.793006,-84.504081,-5,1,"33.793006,-84.504081",Fulton County
3234,30322,Atlanta,GA,33.793754,-84.3238,-5,1,"33.793754,-84.3238",Fulton County
3305,30426,Girard,GA,33.032445,-81.63251,-5,1,"33.032445,-81.63251",Crawford County
3306,30739,Rock Spring,GA,34.801988,-85.21956,-5,1,"34.801988,-85.21956",Walker County
3373,31013,Clinchfield,GA,32.338639,-83.692562,-5,1,"32.338639,-83.692562",Unicoi County
3488,30806,Boneville,GA,33.527993,-82.5104,-5,1,"33.527993,-82.5104",McDuffie County
3547,31557,Patterson,GA,31.372403000000002,-82.10743000000001,-5,1,"31.372403,-82.10743",Tulsa County
3607,30470,Tarrytown,GA,32.309128,-82.52255,-5,1,"32.309128,-82.52255",Westchester County
3608,31535,Douglas,GA,31.464972999999997,-82.86325,-5,1,"31.464973,-82.86325",Douglas County
3655,31751,Fort Gaines,GA,31.631333,-85.03241,-5,1,"31.631333,-85.03241",Clay County
3656,31770,Newton,GA,31.33349,-84.36269,-5,1,"31.33349,-84.36269",Harvey County
3711,30006,Marietta,GA,33.912473,-84.557181,-5,1,"33.912473,-84.557181",Cobb County
3712,30019,Dacula,GA,33.981721,-83.88302,-5,1,"33.981721,-83.88302",Gwinnett County
3847,31008,Byron,GA,32.652313,-83.75918,-5,1,"32.652313,-83.75918",Cook County
3855,31034,Hardwick,GA,33.040103,-83.2182,-5,1,"33.040103,-83.2182",Caledonia County
3979,30129,Coosa,GA,34.333308,-85.233721,-5,1,"34.333308,-85.233721",n/a
4025,30678,White Plains,GA,33.46171,-83.05852,-5,1,"33.46171,-83.05852",Westchester County
4124,30121,Cartersville,GA,34.200264000000004,-84.77533000000001,-5,1,"34.200264,-84.77533",Bartow County
4165,30316,Atlanta,GA,33.729506,-84.34087,-5,1,"33.729506,-84.34087",Fulton County
4166,30380,Atlanta,GA,33.844371,-84.47405,-5,1,"33.844371,-84.47405",Fulton County
4234,31634,Homerville,GA,31.062818,-82.72399,-5,1,"31.062818,-82.72399",Clinch County
4250,30573,Tallulah Falls,GA,34.742007,-83.397716,-5,1,"34.742007,-83.397716",Habersham County
4310,30069,Marietta,GA,33.912473,-84.557181,-5,1,"33.912473,-84.557181",Cobb County
4369,30464,Stillmore,GA,32.439708,-82.22278,-5,1,"32.439708,-82.22278",Emanuel County
4410,30290,Tyrone,GA,33.48012,-84.58724000000001,-5,1,"33.48012,-84.58724",Fayette County
4411,30537,Dillard,GA,34.977198,-83.35161,-5,1,"34.977198,-83.35161",Benton County
4455,31779,Pelham,GA,31.117271000000002,-84.15678,-5,1,"31.117271,-84.15678",Westchester County
4479,31050,Knoxville,GA,32.742084999999996,-83.94646,-5,1,"32.742085,-83.94646",Knox County
4666,31742,Dawson,GA,31.756995,-84.43356999999999,-5,1,"31.756995,-84.43357",Lac qui Parle County
4854,31045,Jewell,GA,33.285773999999996,-82.7749,-5,1,"33.285774,-82.7749",Douglas County
4914,30634,Dewy Rose,GA,34.212835999999996,-82.94112,-5,1,"34.212836,-82.94112",Elbert County
4915,31563,Surrency,GA,31.715778000000004,-82.19784,-5,1,"31.715778,-82.19784",Appling County
4923,30005,Alpharetta,GA,34.080034999999995,-84.21929,-5,1,"34.080035,-84.21929",Fulton County
4964,30056,Newborn,GA,33.500008,-83.67165,-5,1,"33.500008,-83.67165",Tulsa County
4965,30294,Ellenwood,GA,33.639658000000004,-84.26822,-5,1,"33.639658,-84.26822",Clayton County
4966,31405,Savannah,GA,32.043058,-81.12183,-5,1,"32.043058,-81.12183",Chatham County
4967,31598,Jesup,GA,31.578181,-81.880222,-5,1,"31.578181,-81.880222",Wayne County
5003,31025,Elko,GA,32.335147,-83.74571,-5,1,"32.335147,-83.74571",Elko County
5131,31832,Weston,GA,31.973540999999997,-84.62522,-5,1,"31.973541,-84.62522",Broward County
5132,31901,Columbus,GA,32.471492,-84.98005,-5,1,"32.471492,-84.98005",Franklin County
5184,30545,Helen,GA,34.713440999999996,-83.74189,-5,1,"34.713441,-83.74189",White County
5191,30062,Marietta,GA,33.99605,-84.47464000000001,-5,1,"33.99605,-84.47464",Cobb County
5251,30519,Buford,GA,34.089419,-83.94700999999999,-5,1,"34.089419,-83.94701",Gwinnett County
5252,31520,Brunswick,GA,31.166786,-81.49213,-5,1,"31.166786,-81.49213",Medina County
5325,30379,Atlanta,GA,33.844371,-84.47405,-5,1,"33.844371,-84.47405",Fulton County
5326,30809,Evans,GA,33.551145,-82.13949000000001,-5,1,"33.551145,-82.13949",Washington County
5365,30457,Soperton,GA,32.387041,-82.58272,-5,1,"32.387041,-82.58272",Treutlen County
5366,31030,Fort Valley,GA,32.555679999999995,-83.88641,-5,1,"32.55568,-83.88641",Peach County
5377,31049,Kite,GA,32.69992,-82.51380999999999,-5,1,"32.69992,-82.51381",Sedgwick County
5405,30269,Peachtree City,GA,33.398992,-84.57061999999999,-5,1,"33.398992,-84.57062",Fayette County
5449,30214,Fayetteville,GA,33.47875,-84.47668,-5,1,"33.47875,-84.47668",Cumberland County
5450,30732,Oakman,GA,34.569015,-84.711863,-5,1,"34.569015,-84.711863",Walker County
5451,30904,Augusta,GA,33.474136,-82.01018,-5,1,"33.474136,-82.01018",Richmond County
5452,31061,Milledgeville,GA,33.083579,-83.23397,-5,1,"33.083579,-83.23397",Baldwin County
5532,30228,Hampton,GA,33.401827000000004,-84.30152,-5,1,"33.401827,-84.30152",n/a
5668,30807,Camak,GA,33.453039000000004,-82.64828,-5,1,"33.453039,-82.64828",Warren County
5669,31787,Smithville,GA,31.901065999999997,-84.25036999999999,-5,1,"31.901066,-84.25037",Clay County
5691,30259,Moreland,GA,33.277468,-84.75388000000001,-5,1,"33.277468,-84.75388",Santa Clara County
5692,30296,Riverdale,GA,33.564710999999996,-84.43987,-5,1,"33.564711,-84.43987",Sumner County
5693,30514,Blairsville,GA,34.903397999999996,-84.01915699999999,-5,1,"34.903398,-84.019157",Union County
5694,30815,Hephzibah,GA,33.32157,-82.08872,-5,1,"33.32157,-82.08872",Richmond County
5695,31560,Screven,GA,31.515981,-82.04908,-5,1,"31.515981,-82.04908",Screven County
5711,30172,Shannon,GA,34.333308,-85.233721,-5,1,"34.333308,-85.233721",Tulsa County
5712,30520,Canon,GA,34.338008,-83.09656,-5,1,"34.338008,-83.09656",Los Angeles County
5713,31096,Wrightsville,GA,32.71732,-82.68926,-5,1,"32.71732,-82.68926",New Hanover County
5734,30513,Blue Ridge,GA,34.851171,-84.32905,-5,1,"34.851171,-84.32905",Fannin County
5765,30034,Decatur,GA,33.693448,-84.24743000000001,-5,1,"33.693448,-84.24743",DeKalb County
5968,30756,Varnell,GA,34.9298,-84.988536,-5,1,"34.9298,-84.988536",Whitfield County
5969,31516,Blackshear,GA,31.307234,-82.25779,-5,1,"31.307234,-82.25779",Tom Green County
6005,31808,Fortson,GA,32.638884999999995,-85.00735999999999,-5,1,"32.638885,-85.00736",McLennan County
6115,30124,Cave Spring,GA,34.118206,-85.34000999999999,-5,1,"34.118206,-85.34001",Floyd County
6172,30144,Kennesaw,GA,34.038949,-84.59706,-5,1,"34.038949,-84.59706",Cobb County
6256,30341,Atlanta,GA,33.888102,-84.29321,-5,1,"33.888102,-84.29321",Fulton County
6257,30504,Gainesville,GA,34.274355,-83.87003,-5,1,"34.274355,-83.87003",Alachua County
6258,30742,Fort Oglethorpe,GA,34.948979,-85.25211999999999,-5,1,"34.948979,-85.25212",Catoosa County
6358,30327,Atlanta,GA,33.86427,-84.41972,-5,1,"33.86427,-84.41972",Fulton County
6359,31031,Gordon,GA,32.891498999999996,-83.32748000000001,-5,1,"32.891499,-83.32748",Butler County
6360,31556,Offerman,GA,31.412649,-82.11554100000001,-5,1,"31.412649,-82.115541",Pierce County
6383,31641,Naylor,GA,30.934298,-83.08841,-5,1,"30.934298,-83.08841",Burnet County
6479,30024,Suwanee,GA,34.052698,-84.07485,-5,1,"34.052698,-84.07485",Gwinnett County
6518,30220,Grantville,GA,33.230734000000005,-84.82543000000001,-5,1,"33.230734,-84.82543",San Diego County
6529,31070,Pinehurst,GA,32.185677,-83.76348,-5,1,"32.185677,-83.76348",Moore County
6530,31772,Oakfield,GA,31.723178000000004,-83.9628,-5,1,"31.723178,-83.9628",Fond du Lac County
6589,30321,Atlanta,GA,33.844371,-84.47405,-5,1,"33.844371,-84.47405",Fulton County
6739,31009,Cadwell,GA,32.309003000000004,-83.02646999999999,-5,1,"32.309003,-83.02647",Benton County
6740,31424,Richmond Hill,GA,31.919866,-81.325815,-5,1,"31.919866,-81.325815",Bryan County
6749,31141,Atlanta,GA,33.891251000000004,-84.07455999999999,-5,1,"33.891251,-84.07456",Fulton County
6866,30288,Conley,GA,33.647275,-84.32753000000001,-5,1,"33.647275,-84.32753",Clayton County
6906,30447,Norristown,GA,32.505913,-82.49502,-5,1,"32.505913,-82.49502",Montgomery County
6924,31052,Lizella,GA,32.788484000000004,-83.80726,-5,1,"32.788484,-83.80726",Bibb County
7322,31565,Waverly,GA,31.066478999999998,-81.62656,-5,1,"31.066479,-81.62656",Bremer County
7374,30077,Roswell,GA,33.844371,-84.47405,-5,1,"33.844371,-84.47405",Chaves County
7376,31805,Cusseta,GA,32.285534999999996,-84.76332,-5,1,"32.285535,-84.76332",Chattahoochee County
7379,30071,Norcross,GA,33.940768,-84.2062,-5,1,"33.940768,-84.2062",Gwinnett County
7459,30731,Menlo,GA,34.553484999999995,-85.47893,-5,1,"34.553485,-85.47893",Montgomery County
7488,31648,Statenville,GA,30.703175,-83.02568000000001,-5,1,"30.703175,-83.02568",Echols County
7514,30572,Suches,GA,34.731084,-84.07943,-5,1,"34.731084,-84.07943",Union County
7515,31046,Juliette,GA,33.054590999999995,-83.78583,-5,1,"33.054591,-83.78583",Kings County
7596,30216,Flovilla,GA,33.251174,-83.89284,-5,1,"33.251174,-83.89284",Butts County
7597,31762,Leary,GA,31.454628000000003,-84.51726,-5,1,"31.454628,-84.51726",Bowie County
7624,30163,Rome,GA,34.333308,-85.233721,-5,1,"34.333308,-85.233721",Metropolitan City of Rome
7657,31550,Manor,GA,31.101953,-82.58299,-5,1,"31.101953,-82.58299",Travis County
7806,31107,Atlanta,GA,33.844371,-84.47405,-5,1,"33.844371,-84.47405",Fulton County
7813,30562,Mountain City,GA,34.917466,-83.38486999999999,-5,1,"34.917466,-83.38487",Johnson County
7841,31027,Dublin,GA,32.569122,-82.80959,-5,1,"32.569122,-82.80959",n/a
7964,31011,Chauncey,GA,32.108676,-83.06006,-5,1,"32.108676,-83.06006",Lawrence County
7995,30012,Conyers,GA,33.696714,-84.01732,-5,1,"33.696714,-84.01732",Rockdale County
8066,31216,Macon,GA,32.730641,-83.6793,-5,1,"32.730641,-83.6793",Bibb County
8067,31726,Bronwood,GA,31.832214,-84.35727,-5,1,"31.832214,-84.35727",Terrell County
8068,31993,Columbus,GA,32.482141999999996,-84.977131,-5,1,"32.482142,-84.977131",Franklin County
8096,30703,Calhoun,GA,34.479065999999996,-84.76216099999999,-5,1,"34.479066,-84.762161",Gordon County
8203,30063,Marietta,GA,33.965294,-84.511209,-5,1,"33.965294,-84.511209",Cobb County
8204,30119,Carrollton,GA,33.618930999999996,-85.073582,-5,1,"33.618931,-85.073582",Dallas County
8315,30308,Atlanta,GA,33.771755,-84.38065,-5,1,"33.771755,-84.38065",Fulton County
8316,31003,Allentown,GA,32.600621999999994,-83.22095999999999,-5,1,"32.600622,-83.22096",Lehigh County
8367,30348,Atlanta,GA,33.844371,-84.47405,-5,1,"33.844371,-84.47405",Fulton County
8368,31406,Savannah,GA,31.988676,-81.09116,-5,1,"31.988676,-81.09116",Chatham County
8446,30411,Alamo,GA,32.146031,-82.792,-5,1,"32.146031,-82.792",Tulsa County
8447,30803,Avera,GA,33.163467,-82.52017,-5,1,"33.163467,-82.52017",Lincoln County
8448,31553,Nahunta,GA,31.17326,-81.97244,-5,1,"31.17326,-81.97244",Wayne County
8498,31075,Rentz,GA,32.370333,-82.96091,-5,1,"32.370333,-82.96091",Pasco County
8499,31298,Macon,GA,32.873329999999996,-83.708399,-5,1,"32.87333,-83.708399",Bibb County
8553,31420,Savannah,GA,31.971394,-81.07155999999999,-5,1,"31.971394,-81.07156",Chatham County
8554,31637,Lenox,GA,31.291612,-83.45328,-5,1,"31.291612,-83.45328",Fulton County
8607,30374,Atlanta,GA,33.844371,-84.47405,-5,1,"33.844371,-84.47405",Fulton County
8608,30528,Cleveland,GA,34.595859000000004,-83.76194,-5,1,"34.595859,-83.76194",Cuyahoga County
8752,31801,Box Springs,GA,32.527813,-84.59822,-5,1,"32.527813,-84.59822",Rogers County
8852,31785,Sasser,GA,31.689973,-84.32748000000001,-5,1,"31.689973,-84.32748",Terrell County
8924,30098,Duluth,GA,33.960353000000005,-84.037859,-5,1,"33.960353,-84.037859",St. Louis County
8925,31217,Macon,GA,32.839005,-83.56749,-5,1,"32.839005,-83.56749",Bibb County
8946,31418,Savannah,GA,31.971394,-81.07155999999999,-5,1,"31.971394,-81.07156",Chatham County
9025,30015,Covington,GA,33.555791,-83.864915,-5,1,"33.555791,-83.864915",Kenton County
9065,30076,Roswell,GA,34.032532,-84.31774,-5,1,"34.032532,-84.31774",Chaves County
9126,31302,Bloomingdale,GA,32.129474,-81.33121,-5,1,"32.129474,-81.33121",Allen County
9127,30911,Augusta,GA,33.386041,-82.09099599999999,-5,1,"33.386041,-82.090996",Richmond County
9128,31645,Ray City,GA,31.070627,-83.20286,-5,1,"31.070627,-83.20286",Berrien County
9270,30608,Athens,GA,33.944339,-83.38908,-5,1,"33.944339,-83.38908",n/a
9271,30812,Gracewood,GA,33.386041,-82.09099599999999,-5,1,"33.386041,-82.090996",Tulsa County
9316,30606,Athens,GA,33.945619,-83.41731999999999,-5,1,"33.945619,-83.41732",n/a
9319,31401,Savannah,GA,32.068658,-81.09258,-5,1,"32.068658,-81.09258",Chatham County
9323,30378,Atlanta,GA,33.844371,-84.47405,-5,1,"33.844371,-84.47405",Fulton County
9365,30256,Meansville,GA,33.015476,-84.32186999999999,-5,1,"33.015476,-84.32187",Pike County
9366,31411,Savannah,GA,31.927434,-81.0425,-5,1,"31.927434,-81.0425",Chatham County
9396,30906,Augusta,GA,33.387089,-82.01236999999999,-5,1,"33.387089,-82.01237",Richmond County
9450,31314,Fort Stewart,GA,31.868699,-81.61083,-5,1,"31.868699,-81.61083",Liberty County
9557,31212,Macon,GA,32.806707,-83.691315,-5,1,"32.806707,-83.691315",Bibb County
9558,31319,Meridian,GA,31.478486,-81.34528,-5,1,"31.478486,-81.34528",Ada County
9612,30358,Atlanta,GA,33.998151,-84.34111999999999,-5,1,"33.998151,-84.34112",Fulton County
9613,31337,Lenox,GA,31.271852000000003,-83.45905400000001,-5,1,"31.271852,-83.459054",Fulton County
9631,30445,Mount Vernon,GA,32.186824,-82.59170999999999,-5,1,"32.186824,-82.59171",Fairfax County
9720,30043,Lawrenceville,GA,34.001159,-84.01487,-5,1,"34.001159,-84.01487",Gwinnett County
9768,30041,Cumming,GA,34.201503,-84.09764,-5,1,"34.201503,-84.09764",Forsyth County
9808,31209,Macon,GA,32.806707,-83.691315,-5,1,"32.806707,-83.691315",Bibb County
9880,30413,Bartow,GA,32.884137,-82.50969,-5,1,"32.884137,-82.50969",Polk County
9974,31308,Ellabell,GA,32.172661,-81.48447,-5,1,"32.172661,-81.48447",Bryan County
9986,30401,Swainsboro,GA,32.605196,-82.3391,-5,1,"32.605196,-82.3391",Emanuel County
9987,30650,Madison,GA,33.588436,-83.47936,-5,1,"33.588436,-83.47936",Dane County
10048,30410,Ailey,GA,32.196135999999996,-82.50985,-5,1,"32.196136,-82.50985",New York County
10049,30529,Commerce,GA,34.210423,-83.46842,-5,1,"34.210423,-83.46842",Jackson County
10050,31767,Morris,GA,31.834324,-84.94739,-5,1,"31.834324,-84.94739",Grundy County
10051,31823,Pine Mountain Valley,GA,32.801173999999996,-84.82038,-5,1,"32.801174,-84.82038",Harris County
10076,30390,Atlanta,GA,33.844371,-84.47405,-5,1,"33.844371,-84.47405",Fulton County
10103,30075,Roswell,GA,34.049789000000004,-84.38539,-5,1,"34.049789,-84.38539",Chaves County
10149,30080,Smyrna,GA,33.87578,-84.50381999999999,-5,1,"33.87578,-84.50382",Cobb County
10165,31083,Scotland,GA,32.046427,-82.81923,-5,1,"32.046427,-82.81923",n/a
10277,30042,Lawrenceville,GA,33.929464,-84.103226,-5,1,"33.929464,-84.103226",Gwinnett County
10278,30343,Atlanta,GA,33.844371,-84.47405,-5,1,"33.844371,-84.47405",Fulton County
10279,30810,Gibson,GA,33.236721,-82.58135,-5,1,"33.236721,-82.58135",Montgomery County
10325,30558,Maysville,GA,34.258054,-83.56058,-5,1,"34.258054,-83.56058",Mason County
10326,30738,Rising Fawn,GA,34.793833,-85.49945,-5,1,"34.793833,-85.49945",Dade County
10327,30741,Rossville,GA,34.96311,-85.27405,-5,1,"34.96311,-85.27405",Clinton County
10328,31297,Macon,GA,32.700450000000004,-83.657207,-5,1,"32.70045,-83.657207",Bibb County
10329,31626,Boston,GA,30.782963,-83.78882,-5,1,"30.782963,-83.78882",Suffolk County
10539,30060,Marietta,GA,33.932052,-84.54746,-5,1,"33.932052,-84.54746",Cobb County
10566,30309,Atlanta,GA,33.794055,-84.38525,-5,1,"33.794055,-84.38525",Fulton County
10567,31533,Douglas,GA,31.522042,-82.84153,-5,1,"31.522042,-82.84153",Douglas County
10595,30140,Felton,GA,33.88232,-85.234946,-5,1,"33.88232,-85.234946",Santa Cruz County
10706,30559,Mineral Bluff,GA,34.949754999999996,-84.28317,-5,1,"34.949755,-84.28317",Fannin County
10850,31905,Fort Benning,GA,32.373490000000004,-84.90612,-5,1,"32.37349,-84.90612",n/a
10949,30217,Franklin,GA,33.298014,-85.12243000000001,-5,1,"33.298014,-85.12243",Crawford County
10950,30910,Augusta,GA,33.386041,-82.09099599999999,-5,1,"33.386041,-82.090996",Richmond County
11018,30818,Matthews,GA,33.244828999999996,-82.32636,-5,1,"33.244829,-82.32636",Mecklenburg County
11019,31513,Baxley,GA,31.768849,-82.35198000000001,-5,1,"31.768849,-82.35198",Appling County
11040,30499,Reidsville,GA,32.050694,-81.998348,-5,1,"32.050694,-81.998348",Rockingham County
11041,31315,Fort Stewart,GA,31.886944,-81.60109,-5,1,"31.886944,-81.60109",Liberty County
11155,30599,Commerce,GA,34.130594,-83.587419,-5,1,"34.130594,-83.587419",Jackson County
11156,31042,Irwinton,GA,32.7615,-83.1612,-5,1,"32.7615,-83.1612",Wilkinson County
11204,30629,Comer,GA,34.072573,-83.11913,-5,1,"34.072573,-83.11913",Madison County
11205,31521,Brunswick,GA,31.241505,-81.532489,-5,1,"31.241505,-81.532489",Medina County
11256,30103,Adairsville,GA,34.368646999999996,-84.92452,-5,1,"34.368647,-84.92452",Bartow County
11291,31776,Moultrie,GA,31.172696000000002,-83.792379,-5,1,"31.172696,-83.792379",Colquitt County
11431,30330,Atlanta,GA,33.707107,-84.43212700000001,-5,1,"33.707107,-84.432127",Fulton County
11432,31328,Tybee Island,GA,32.006671999999995,-80.84937,-5,1,"32.006672,-80.84937",Chatham County
11433,31221,Macon,GA,32.806707,-83.691315,-5,1,"32.806707,-83.691315",Bibb County
11475,30656,Monroe,GA,33.857423,-83.71899,-5,1,"33.857423,-83.71899",Ouachita Parish
11527,31502,Waycross,GA,31.018953999999997,-82.416543,-5,1,"31.018954,-82.416543",Ware County
11528,31698,Valdosta,GA,30.84848,-83.28775300000001,-5,1,"30.84848,-83.287753",Lowndes County
11554,30548,Hoschton,GA,34.097915,-83.77864,-5,1,"34.097915,-83.77864",Jackson County
11555,31825,Richland,GA,32.109225,-84.66063,-5,1,"32.109225,-84.66063",Dallas County
11656,30236,Jonesboro,GA,33.528345,-84.33346999999999,-5,1,"33.528345,-84.33347",Craighead County
11657,30521,Carnesville,GA,34.360544,-83.28544000000001,-5,1,"34.360544,-83.28544",Franklin County
11687,31324,Richmond Hill,GA,31.906365,-81.3108,-5,1,"31.906365,-81.3108",Bryan County
11692,30132,Dallas,GA,33.945735,-84.84463000000001,-5,1,"33.945735,-84.84463",Dallas County
11749,30110,Bremen,GA,33.723939,-85.14282,-5,1,"33.723939,-85.14282",n/a
11750,30222,Greenville,GA,33.034760999999996,-84.73593000000001,-5,1,"33.034761,-84.73593",Greenville County
11758,31602,Valdosta,GA,30.866613,-83.30078,-5,1,"30.866613,-83.30078",Lowndes County
11781,31207,Macon,GA,32.830389000000004,-83.648552,-5,1,"32.830389,-83.648552",Bibb County
11782,31815,Lumpkin,GA,32.030297,-84.81218,-5,1,"32.030297,-84.81218",Stewart County
11810,30917,Augusta,GA,33.527678,-82.23554200000001,-5,1,"33.527678,-82.235542",Richmond County
11811,31639,Nashville,GA,31.199,-83.2188,-5,1,"31.199,-83.2188",Davidson County
11865,31403,Savannah,GA,31.971394,-81.07155999999999,-5,1,"31.971394,-81.07156",Chatham County
11980,31307,Eden,GA,32.183211,-81.39979,-5,1,"32.183211,-81.39979",Washington County
12019,30429,Hagan,GA,32.159458,-81.93724,-5,1,"32.159458,-81.93724",Evans County
12020,31205,Macon,GA,32.806707,-83.691315,-5,1,"32.806707,-83.691315",Bibb County
12033,30164,Rome,GA,34.333308,-85.233721,-5,1,"34.333308,-85.233721",Metropolitan City of Rome
12035,30287,Morrow,GA,33.500696999999995,-84.35127299999999,-5,1,"33.500697,-84.351273",Clayton County
12078,30044,Lawrenceville,GA,33.91967,-84.07481999999999,-5,1,"33.91967,-84.07482",Gwinnett County
12154,30274,Riverdale,GA,33.555145,-84.40108000000001,-5,1,"33.555145,-84.40108",Sumner County
12187,31084,Seville,GA,31.989039000000002,-83.394574,-5,1,"31.989039,-83.394574",Seville
12228,30275,Sargent,GA,33.431181,-84.86733000000001,-5,1,"33.431181,-84.86733",Texas County
12245,30052,Loganville,GA,33.823809000000004,-83.89423000000001,-5,1,"33.823809,-83.89423",Walton County
12315,30635,Elberton,GA,34.119972,-82.825,-5,1,"34.119972,-82.825",Elbert County
12324,30102,Acworth,GA,34.097998,-84.6183,-5,1,"34.097998,-84.6183",Cobb County
12353,31629,Dixie,GA,30.802821,-83.69126,-5,1,"30.802821,-83.69126",Washington County
12410,31515,Baxley,GA,31.717716999999997,-82.299677,-5,1,"31.717717,-82.299677",Appling County
12411,31806,Ellaville,GA,32.246795,-84.32008,-5,1,"32.246795,-84.32008",Schley County
12474,30271,Newnan,GA,33.351401,-84.756109,-5,1,"33.351401,-84.756109",Coweta County
12480,30253,Mcdonough,GA,33.455031,-84.17215,-5,1,"33.455031,-84.17215",Henry County
12481,30613,Athens,GA,33.962364,-83.39828,-5,1,"33.962364,-83.39828",n/a
12590,31210,Macon,GA,32.88899,-83.72204,-5,1,"32.88899,-83.72204",Bibb County
12610,30542,Flowery Branch,GA,34.188280999999996,-83.91813,-5,1,"34.188281,-83.91813",Hall County
12673,31092,Vienna,GA,32.091578000000005,-83.79311,-5,1,"32.091578,-83.79311",n/a
12716,30460,Statesboro,GA,32.41795,-81.78233,-5,1,"32.41795,-81.78233",Bulloch County
12860,31296,Macon,GA,32.806707,-83.691315,-5,1,"32.806707,-83.691315",Bibb County
12941,31193,Atlanta,GA,33.844371,-84.47405,-5,1,"33.844371,-84.47405",Fulton County
12942,31709,Americus,GA,32.071641,-84.21942,-5,1,"32.071641,-84.21942",Sumter County
13028,30048,Lilburn,GA,33.960353000000005,-84.037859,-5,1,"33.960353,-84.037859",Gwinnett County
13062,30074,Redan,GA,33.891251000000004,-84.07455999999999,-5,1,"33.891251,-84.07456",DeKalb County
13120,31512,Ambrose,GA,31.57344,-83.01501999999999,-5,1,"31.57344,-83.01502",Baltimore County
13146,30162,Rome,GA,34.290508,-85.213817,-5,1,"34.290508,-85.213817",Metropolitan City of Rome
13147,30188,Woodstock,GA,34.108027,-84.4843,-5,1,"34.108027,-84.4843",Ulster County
13148,30265,Newnan,GA,33.400875,-84.71206,-5,1,"33.400875,-84.71206",Coweta County
13207,30603,Athens,GA,33.947587,-83.408897,-5,1,"33.947587,-83.408897",n/a
13213,30022,Alpharetta,GA,34.026238,-84.24506,-5,1,"34.026238,-84.24506",Fulton County
13292,31739,Cotton,GA,31.260443,-84.253089,-5,1,"31.260443,-84.253089",Washington County
13360,30399,Atlanta,GA,33.844371,-84.47405,-5,1,"33.844371,-84.47405",Fulton County
13379,31718,Bainbridge,GA,30.901863,-84.570049,-5,1,"30.901863,-84.570049",Decatur County
13449,30149,Mount Berry,GA,34.280355,-85.182085,-5,1,"34.280355,-85.182085",Floyd County
13559,30108,Bowdon,GA,33.533934,-85.26088,-5,1,"33.533934,-85.26088",Carroll County
13695,31206,Macon,GA,32.799040000000005,-83.67215999999999,-5,1,"32.79904,-83.67216",Bibb County
13714,30625,Buckhead,GA,33.527207000000004,-83.34676,-5,1,"33.527207,-83.34676",Fulton County
13720,31630,Du Pont,GA,30.963729999999998,-82.86455,-5,1,"30.96373,-82.86455",Johnson County
13801,30117,Carrollton,GA,33.588485999999996,-85.1062,-5,1,"33.588486,-85.1062",Dallas County
13873,30736,Ringgold,GA,34.916552,-85.14435,-5,1,"34.916552,-85.14435",Catoosa County
13875,31699,Valdosta,GA,30.965263,-83.19315999999999,-5,1,"30.965263,-83.19316",Lowndes County
13916,30178,Taylorsville,GA,34.113826,-84.97274,-5,1,"34.113826,-84.97274",Salt Lake County
13923,30564,Murrayville,GA,34.466226,-83.88441999999999,-5,1,"34.466226,-83.88442",New Hanover County
13931,31723,Blakely,GA,31.334336999999998,-84.94899000000001,-5,1,"31.334337,-84.94899",Early County
14086,30667,Stephens,GA,33.784316,-83.16666,-5,1,"33.784316,-83.16666",Boone County
14088,31539,Hazlehurst,GA,31.844772,-82.59809,-5,1,"31.844772,-82.59809",Jeff Davis County
14259,30631,Crawfordville,GA,33.570316999999996,-82.88542,-5,1,"33.570317,-82.88542",Wakulla County
14260,30721,Dalton,GA,34.780699,-84.93994,-5,1,"34.780699,-84.93994",Whitfield County
14310,30338,Atlanta,GA,33.942751,-84.31769,-5,1,"33.942751,-84.31769",Fulton County
14311,31527,Jekyll Island,GA,31.064190000000004,-81.42071999999999,-5,1,"31.06419,-81.42072",Glynn County
14312,31607,Valdosta,GA,30.831442,-83.318647,-5,1,"30.831442,-83.318647",Lowndes County
14375,30184,White,GA,34.236128,-84.72539,-5,1,"34.236128,-84.72539",Montgomery County
14376,31326,Rincon,GA,32.293147,-81.23006,-5,1,"32.293147,-81.23006",n/a
14386,30009,Alpharetta,GA,33.844371,-84.47405,-5,1,"33.844371,-84.47405",Fulton County
14450,30281,Stockbridge,GA,33.547578,-84.21809,-5,1,"33.547578,-84.21809",Henry County
14490,30811,Gough,GA,33.050487,-81.929165,-5,1,"33.050487,-81.929165",n/a
14550,31544,Jacksonville,GA,31.840974,-82.96137,-5,1,"31.840974,-82.96137",Duval County
14647,30813,Grovetown,GA,33.459489000000005,-82.20102,-5,1,"33.459489,-82.20102",Columbia County
14649,31625,Barney,GA,31.003273999999998,-83.5282,-5,1,"31.003274,-83.5282",Sedgwick County
14669,30008,Marietta,GA,33.907336,-84.5788,-5,1,"33.907336,-84.5788",Cobb County
14726,30560,Morganton,GA,34.887912,-84.2098,-5,1,"34.887912,-84.2098",Burke County
14735,30115,Canton,GA,34.194029,-84.43884,-5,1,"34.194029,-84.43884",Stark County
14961,31060,Milan,GA,32.003035,-83.06336999999999,-5,1,"32.003035,-83.06337",Metropolitan City of Milan
14996,30503,Gainesville,GA,34.345432,-83.950541,-5,1,"34.345432,-83.950541",Alachua County
15092,30317,Atlanta,GA,33.750005,-84.31854,-5,1,"33.750005,-84.31854",Fulton County
15093,30356,Atlanta,GA,33.891251000000004,-84.07455999999999,-5,1,"33.891251,-84.07456",Fulton County
15105,30047,Lilburn,GA,33.872371,-84.11655,-5,1,"33.872371,-84.11655",Gwinnett County
15139,30543,Gillsville,GA,34.299459000000006,-83.65226,-5,1,"34.299459,-83.65226",Banks County
15140,31799,Thomasville,GA,30.880968,-83.885902,-5,1,"30.880968,-83.885902",Thomas County
15180,31106,Atlanta,GA,33.844371,-84.47405,-5,1,"33.844371,-84.47405",Fulton County
15408,30662,Royston,GA,34.270167,-83.12841999999999,-5,1,"34.270167,-83.12842",Franklin County
15500,30035,Decatur,GA,33.725739000000004,-84.21114,-5,1,"33.725739,-84.21114",DeKalb County
15501,30456,Sardis,GA,32.969028,-81.79396,-5,1,"32.969028,-81.79396",Montgomery County
15502,31773,Ochlocknee,GA,30.977162,-84.0615,-5,1,"30.977162,-84.0615",Thomas County
15533,30525,Clayton,GA,34.882362,-83.4156,-5,1,"34.882362,-83.4156",Johnston County
15595,30802,Appling,GA,33.620669,-82.30514000000001,-5,1,"33.620669,-82.30514",Shelby County
15596,31797,Whigham,GA,30.888809000000002,-84.32976,-5,1,"30.888809,-84.32976",Essex County
15663,30816,Keysville,GA,33.162490000000005,-82.18933,-5,1,"33.16249,-82.18933",Charlotte County
15751,31054,McIntyre,GA,32.875574,-83.19785,-5,1,"32.875574,-83.19785",Regional Municipality of Durham
15752,31777,Parrott,GA,31.905462,-84.51526,-5,1,"31.905462,-84.51526",Terrell County
15753,31820,Midland,GA,32.566196999999995,-84.84121999999999,-5,1,"32.566197,-84.84122",Midland County
15834,30377,Atlanta,GA,33.844371,-84.47405,-5,1,"33.844371,-84.47405",Fulton County
15835,30824,Thomson,GA,33.490536,-82.5028,-5,1,"33.490536,-82.5028",Labette County
15853,31717,Bainbridge,GA,30.884525,-84.58951,-5,1,"30.884525,-84.58951",Decatur County
15859,30040,Cumming,GA,34.235408,-84.17441,-5,1,"34.235408,-84.17441",Forsyth County
15879,30414,Bellville,GA,32.154990000000005,-81.97825999999999,-5,1,"32.15499,-81.97826",Austin County
15918,30641,Good Hope,GA,33.766057,-83.57597,-5,1,"33.766057,-83.57597",Harris County
15959,30628,Colbert,GA,34.041416,-83.21996999999999,-5,1,"34.041416,-83.21997",Bryan County
15988,30298,Forest Park,GA,33.500696999999995,-84.35127299999999,-5,1,"33.500697,-84.351273",n/a
15989,31603,Valdosta,GA,30.827965000000003,-83.25219200000001,-5,1,"30.827965,-83.252192",Lowndes County
15990,31769,Mystic,GA,31.620865999999996,-83.24975400000001,-5,1,"31.620866,-83.249754",New London County
16013,31305,Darien,GA,31.407597999999997,-81.39094,-5,1,"31.407598,-81.39094",Fairfield County
16026,30125,Cedartown,GA,34.010162,-85.25761999999999,-5,1,"34.010162,-85.25762",Polk County
16081,31649,Stockton,GA,30.957421000000004,-83.00524,-5,1,"30.957421,-83.00524",San Joaquin County
16106,31771,Norman Park,GA,31.256287,-83.66005,-5,1,"31.256287,-83.66005",Colquitt County
16113,31749,Enigma,GA,31.439212,-83.34040999999999,-5,1,"31.439212,-83.34041",Tulsa County
16200,30604,Athens,GA,33.944339,-83.38908,-5,1,"33.944339,-83.38908",n/a
16201,30905,Augusta,GA,33.417282,-82.14435,-5,1,"33.417282,-82.14435",Richmond County
16316,31907,Columbus,GA,32.479492,-84.90942,-5,1,"32.479492,-84.90942",Franklin County
16408,30176,Tallapoosa,GA,33.748838,-85.29304,-5,1,"33.748838,-85.29304",Haralson County
16409,30512,Blairsville,GA,34.875556,-84.00419000000001,-5,1,"34.875556,-84.00419",Union County
16434,31088,Warner Robins,GA,32.594698,-83.64873,-5,1,"32.594698,-83.64873",Houston County
16566,30065,Marietta,GA,33.912473,-84.557181,-5,1,"33.912473,-84.557181",Cobb County
16581,30454,Rockledge,GA,32.432854,-82.72979000000001,-5,1,"32.432854,-82.72979",Brevard County
16582,30819,Mesena,GA,33.432384000000006,-82.625213,-5,1,"33.432384,-82.625213",Warren County
16583,31021,Dublin,GA,32.526359,-82.93375,-5,1,"32.526359,-82.93375",n/a
16708,31010,Cordele,GA,31.917178000000003,-83.785365,-5,1,"31.917178,-83.785365",Crisp County
16735,31089,Tennille,GA,32.89115,-82.82775,-5,1,"32.89115,-82.82775",Washington County
16790,30475,Vidalia,GA,32.177513,-82.373889,-5,1,"32.177513,-82.373889",Toombs County
16831,30752,Trenton,GA,34.895625,-85.52702,-5,1,"34.895625,-85.52702",Mercer County
16856,30549,Jefferson,GA,34.112581,-83.58251,-5,1,"34.112581,-83.58251",Montgomery County
16914,31627,Cecil,GA,31.047996,-83.39135,-5,1,"31.047996,-83.39135",Tulsa County
17069,30302,Atlanta,GA,33.844371,-84.47405,-5,1,"33.844371,-84.47405",Fulton County
17070,31014,Cochran,GA,32.397039,-83.3404,-5,1,"32.397039,-83.3404",Dallas County
17129,31542,Hoboken,GA,31.1747,-82.13812,-5,1,"31.1747,-82.13812",Hudson County
17168,30725,Flintstone,GA,34.932348,-85.35064,-5,1,"34.932348,-85.35064",Walker County
17179,31051,Lilly,GA,32.148624,-83.88003,-5,1,"32.148624,-83.88003",Marion County
17180,31079,Rochelle,GA,31.933079,-83.45721999999999,-5,1,"31.933079,-83.45722",Ogle County
17181,31532,Denton,GA,31.718382000000002,-82.73595,-5,1,"31.718382,-82.73595",Denton County
17217,30161,Rome,GA,34.253343,-85.15312,-5,1,"34.253343,-85.15312",Metropolitan City of Rome
17218,30337,Atlanta,GA,33.646984,-84.4538,-5,1,"33.646984,-84.4538",Fulton County
17219,31407,Savannah,GA,32.162963,-81.17233,-5,1,"32.162963,-81.17233",Chatham County
17237,30260,Morrow,GA,33.587759999999996,-84.33010999999999,-5,1,"33.58776,-84.33011",Clayton County
17238,30367,Atlanta,GA,33.789255,-84.387276,-5,1,"33.789255,-84.387276",Fulton County
17239,30424,Dover,GA,32.767634,-81.629062,-5,1,"32.767634,-81.629062",Kent
17240,31725,Brinson,GA,30.945016,-84.72284,-5,1,"30.945016,-84.72284",Navarro County
17294,30602,Athens,GA,33.948432000000004,-83.3749,-5,1,"33.948432,-83.3749",n/a
17295,30212,Experiment,GA,33.278205,-84.288803,-5,1,"33.278205,-84.288803",San Francisco County
17362,30122,Lithia Springs,GA,33.776137,-84.64484,-5,1,"33.776137,-84.64484",Douglas County
17456,30353,Atlanta,GA,33.844371,-84.47405,-5,1,"33.844371,-84.47405",Fulton County
17457,30581,Wiley,GA,34.797610999999996,-83.42329000000001,-5,1,"34.797611,-83.42329",Hudson County
17540,31404,Savannah,GA,32.046143,-81.06724,-5,1,"32.046143,-81.06724",Chatham County
17542,31827,Talbotton,GA,32.683146,-84.52243,-5,1,"32.683146,-84.52243",Talbot County
17580,31546,Jesup,GA,31.575165999999996,-81.86480999999999,-5,1,"31.575166,-81.86481",Wayne County
17649,30563,Mount Airy,GA,34.549681,-83.47201,-5,1,"34.549681,-83.47201",Surry County
17650,30660,Rayle,GA,33.775127000000005,-82.94624,-5,1,"33.775127,-82.94624",Wilkes County
17651,31756,Hartsfield,GA,31.177174,-83.96555,-5,1,"31.177174,-83.96555",n/a
17701,30582,Young Harris,GA,34.954638,-83.86484,-5,1,"34.954638,-83.86484",Towns County
17748,31554,Nicholls,GA,31.495983000000003,-82.62928000000001,-5,1,"31.495983,-82.62928",Lafourche Parish
17828,30726,Graysville,GA,34.975939000000004,-85.1416,-5,1,"34.975939,-85.1416",Jefferson County
17843,31561,Sea Island,GA,31.198914000000002,-81.332211,-5,1,"31.198914,-81.332211",Glynn County
17887,30154,Douglasville,GA,33.689659999999996,-84.74459499999999,-5,1,"33.68966,-84.744595",Douglas County
17902,30307,Atlanta,GA,33.768205,-84.33785999999999,-5,1,"33.768205,-84.33786",Fulton County
17910,30565,Nicholson,GA,34.094345000000004,-83.41617,-5,1,"34.094345,-83.41617",Jackson County
17919,30185,Whitesburg,GA,33.517697999999996,-84.91725,-5,1,"33.517698,-84.91725",Letcher County
17994,30219,Glenn,GA,33.157214,-85.170588,-5,1,"33.157214,-85.170588",Glenn County
18001,30039,Snellville,GA,33.822204,-84.03707,-5,1,"33.822204,-84.03707",Gwinnett County
18016,31753,Funston,GA,31.205365000000004,-83.877554,-5,1,"31.205365,-83.877554",San Francisco County
18092,30597,Dahlonega,GA,34.527671000000005,-83.980879,-5,1,"34.527671,-83.980879",Lumpkin County
18093,31902,Columbus,GA,32.524252000000004,-84.955843,-5,1,"32.524252,-84.955843",Franklin County
18148,31501,Waycross,GA,31.220059000000003,-82.35133,-5,1,"31.220059,-82.35133",Ware County
18246,30566,Oakwood,GA,34.236556,-83.89115,-5,1,"34.236556,-83.89115",Tarrant County
18247,31295,Macon,GA,32.810189,-83.569001,-5,1,"32.810189,-83.569001",Bibb County
18248,31705,Albany,GA,31.552483000000002,-84.09678000000001,-5,1,"31.552483,-84.09678",Albany County
18279,30533,Dahlonega,GA,34.542097999999996,-83.99718,-5,1,"34.542098,-83.99718",Lumpkin County
18417,30668,Tignall,GA,33.912362,-82.6684,-5,1,"33.912362,-82.6684",Wilkes County
18418,30828,Warrenton,GA,33.399555,-82.65655,-5,1,"33.399555,-82.65655",Fauquier County
18504,30248,Locust Grove,GA,33.351277,-84.10645,-5,1,"33.351277,-84.10645",Henry County
18525,30666,Statham,GA,33.957713,-83.58491,-5,1,"33.957713,-83.58491",Barrow County
18607,31727,Brookfield,GA,31.44172,-83.503715,-5,1,"31.44172,-83.503715",Cook County
18768,31001,Abbeville,GA,31.972626,-83.33081999999999,-5,1,"31.972626,-83.33082",Abbeville County
18784,31047,Kathleen,GA,32.509384000000004,-83.64773000000001,-5,1,"32.509384,-83.64773",Ottawa County
18827,31569,Woodbine,GA,30.915778000000003,-81.67924000000001,-5,1,"30.915778,-81.67924",Tulsa County
18884,30630,Crawford,GA,33.892957,-83.15548000000001,-5,1,"33.892957,-83.15548",Crawford County
18954,30105,Armuchee,GA,34.448075,-85.15313,-5,1,"34.448075,-85.15313",Floyd County
19070,31766,Morgan,GA,31.575228000000003,-84.59849,-5,1,"31.575228,-84.59849",Montgomery County
19131,30068,Marietta,GA,33.965601,-84.4433,-5,1,"33.965601,-84.4433",Cobb County
19137,31301,Allenhurst,GA,31.764663,-81.6098,-5,1,"31.764663,-81.6098",Monmouth County
19213,30333,Atlanta,GA,33.891251000000004,-84.07455999999999,-5,1,"33.891251,-84.07456",Fulton County
19270,31503,Waycross,GA,31.205194,-82.37534000000001,-5,1,"31.205194,-82.37534",Ware County
19338,30610,Athens,GA,33.944339,-83.38908,-5,1,"33.944339,-83.38908",n/a
19413,30055,Mansfield,GA,33.504952,-83.74735,-5,1,"33.504952,-83.74735",Tarrant County
19414,30320,Atlanta,GA,33.656824,-84.423648,-5,1,"33.656824,-84.423648",Fulton County
19415,30553,Lavonia,GA,34.450501,-83.09448,-5,1,"34.450501,-83.09448",Franklin County
19440,30360,Atlanta,GA,33.934536,-84.27215,-5,1,"33.934536,-84.27215",Fulton County
19441,30477,Wadley,GA,32.872098,-82.4023,-5,1,"32.872098,-82.4023",Bowie County
19450,30036,Decatur,GA,33.891251000000004,-84.07455999999999,-5,1,"33.891251,-84.07456",DeKalb County
19503,30230,Hogansville,GA,33.173516,-84.91736999999999,-5,1,"33.173516,-84.91737",Troup County
19544,30612,Athens,GA,33.944339,-83.38908,-5,1,"33.944339,-83.38908",n/a
19545,31778,Pavo,GA,30.966781,-83.72075,-5,1,"30.966781,-83.72075",King County
19664,31728,Cairo,GA,30.870390000000004,-84.21343,-5,1,"30.87039,-84.21343",n/a
19708,30522,Cherrylog,GA,34.801665,-84.37931,-5,1,"34.801665,-84.37931",Gilmer County
19747,30609,Athens,GA,33.946364,-83.37743,-5,1,"33.946364,-83.37743",n/a
19839,30340,Atlanta,GA,33.899381,-84.25367,-5,1,"33.899381,-84.25367",Fulton County
19893,30505,Gainesville,GA,34.306188,-83.838936,-5,1,"34.306188,-83.838936",Alachua County
19894,31005,Bonaire,GA,32.556668,-83.62435,-5,1,"32.556668,-83.62435",n/a
19907,30091,Norcross,GA,33.960353000000005,-84.037859,-5,1,"33.960353,-84.037859",Gwinnett County
19973,31829,Upatoi,GA,32.557718,-84.73957,-5,1,"32.557718,-84.73957",Muscogee County
20021,31028,Centerville,GA,32.632111,-83.67795,-5,1,"32.632111,-83.67795",Montgomery County
20173,31721,Albany,GA,31.568890000000003,-84.248211,-5,1,"31.56889,-84.248211",Albany County
20239,30205,Brooks,GA,33.275707000000004,-84.46706,-5,1,"33.275707,-84.46706",Wilson County
20240,30621,Bishop,GA,33.804849,-83.48164,-5,1,"33.804849,-83.48164",Inyo County
20253,30046,Lawrenceville,GA,33.960353000000005,-84.037859,-5,1,"33.960353,-84.037859",Gwinnett County
20305,31421,Savannah,GA,31.971394,-81.07155999999999,-5,1,"31.971394,-81.07156",Chatham County
20456,30568,Rabun Gap,GA,34.952452,-83.4073,-5,1,"34.952452,-83.4073",Rabun County
20493,30070,Porterdale,GA,33.576043,-83.89820999999999,-5,1,"33.576043,-83.89821",Newton County
20572,30901,Augusta,GA,33.461121,-81.97265,-5,1,"33.461121,-81.97265",Richmond County
20620,30032,Decatur,GA,33.740055,-84.26791,-5,1,"33.740055,-84.26791",DeKalb County
20621,30086,Stone Mountain,GA,33.891251000000004,-84.07455999999999,-5,1,"33.891251,-84.07456",DeKalb County
20705,31320,Midway,GA,31.788811,-81.37637,-5,1,"31.788811,-81.37637",Cook County
20776,30646,Hull,GA,34.065588,-83.31318,-5,1,"34.065588,-83.31318",n/a
20811,30605,Athens,GA,33.925084999999996,-83.34529,-5,1,"33.925085,-83.34529",n/a
20841,31599,Jesup,GA,31.578181,-81.880222,-5,1,"31.578181,-81.880222",Wayne County
20959,30398,Atlanta,GA,33.844371,-84.47405,-5,1,"33.844371,-84.47405",Fulton County
20960,31414,Savannah,GA,31.971394,-81.07155999999999,-5,1,"31.971394,-81.07156",Chatham County
20961,31566,Waynesville,GA,31.144634999999997,-81.83010999999999,-5,1,"31.144635,-81.83011",Haywood County
21091,30375,Atlanta,GA,33.844371,-84.47405,-5,1,"33.844371,-84.47405",Fulton County
21092,30387,Atlanta,GA,33.844371,-84.47405,-5,1,"33.844371,-84.47405",Fulton County
21180,30229,Haralson,GA,33.232155999999996,-84.56854,-5,1,"33.232156,-84.56854",Haralson County
21181,30241,Lagrange,GA,33.036715,-84.98895,-5,1,"33.036715,-84.98895",Troup County
21182,31764,Leslie,GA,31.98309,-84.06866,-5,1,"31.98309,-84.06866",Ingham County
21205,30357,Atlanta,GA,33.844371,-84.47405,-5,1,"33.844371,-84.47405",Fulton County
21299,30038,Lithonia,GA,33.676358,-84.15381,-5,1,"33.676358,-84.15381",DeKalb County
21309,31713,Arlington,GA,31.427845,-84.71025,-5,1,"31.427845,-84.71025",Tarrant County
21373,30557,Martin,GA,34.491828999999996,-83.17539000000001,-5,1,"34.491829,-83.17539",Montgomery County
21374,30664,Sharon,GA,33.560693,-82.80015,-5,1,"33.560693,-82.80015",Norfolk County
21375,31803,Buena Vista,GA,32.315915000000004,-84.52238,-5,1,"32.315915,-84.52238",Chaffee County
21376,31903,Columbus,GA,32.423311,-84.94879,-5,1,"32.423311,-84.94879",Franklin County
21445,30153,Rockmart,GA,33.987497,-85.05508,-5,1,"33.987497,-85.05508",Polk County
21505,30028,Cumming,GA,34.193041,-84.092588,-5,1,"34.193041,-84.092588",Forsyth County
21624,30037,Decatur,GA,33.891251000000004,-84.07455999999999,-5,1,"33.891251,-84.07456",DeKalb County
21625,31552,Millwood,GA,31.281103,-82.6201,-5,1,"31.281103,-82.6201",Oklahoma County
21633,30084,Tucker,GA,33.853853,-84.22036,-5,1,"33.853853,-84.22036",DeKalb County
21635,31908,Columbus,GA,32.534852,-84.906483,-5,1,"32.534852,-84.906483",Franklin County
21711,30310,Atlanta,GA,33.727807,-84.41983,-5,1,"33.727807,-84.41983",Fulton County
21712,30474,Vidalia,GA,32.220155,-82.41493,-5,1,"32.220155,-82.41493",Toombs County
21713,30719,Dalton,GA,34.801860999999995,-84.989796,-5,1,"34.801861,-84.989796",Whitfield County
21771,30238,Jonesboro,GA,33.49348,-84.37871,-5,1,"33.49348,-84.37871",Craighead County
21772,31745,Donalsonville,GA,30.974364,-84.87703,-5,1,"30.974364,-84.87703",Seminole County
21873,31789,Sumner,GA,31.484090999999996,-83.73515,-5,1,"31.484091,-83.73515",Noble County
21951,31016,Culloden,GA,32.861385999999996,-84.11731999999999,-5,1,"32.861386,-84.11732",Highland Council
21952,31036,Hawkinsville,GA,32.270314,-83.48517,-5,1,"32.270314,-83.48517",Pulaski County
21979,30257,Milner,GA,33.136567,-84.19386,-5,1,"33.136567,-84.19386",McCracken County
21993,30547,Homer,GA,34.348822,-83.47738000000001,-5,1,"34.348822,-83.47738",Stone County
22020,31994,Columbus,GA,32.491005,-84.874123,-5,1,"32.491005,-84.874123",Franklin County
22029,31545,Jesup,GA,31.636895000000003,-81.90843000000001,-5,1,"31.636895,-81.90843",Wayne County
22030,31909,Columbus,GA,32.535540000000005,-84.92583,-5,1,"32.53554,-84.92583",Franklin County
22077,31793,Tifton,GA,31.485438000000002,-83.503621,-5,1,"31.485438,-83.503621",Tift County
22085,31267,Cecil,GA,31.046761,-83.395669,-5,1,"31.046761,-83.395669",Tulsa County
22126,31998,Columbus,GA,32.491005,-84.874123,-5,1,"32.491005,-84.874123",Franklin County
22129,30147,Lindale,GA,34.175095,-85.18084,-5,1,"34.175095,-85.18084",Smith County
22131,30501,Gainesville,GA,34.306643,-83.82352,-5,1,"34.306643,-83.82352",Alachua County
22206,30168,Austell,GA,33.797456,-84.60621,-5,1,"33.797456,-84.60621",Cobb County
22207,31076,Reynolds,GA,32.54748,-84.10042,-5,1,"32.54748,-84.10042",Montgomery County
22245,30295,Zebulon,GA,33.101704999999995,-84.31251999999999,-5,1,"33.101705,-84.31252",Wake County
22284,30081,Smyrna,GA,33.858836,-84.71061999999999,-5,1,"33.858836,-84.71062",Cobb County
22329,30446,Newington,GA,32.567281,-81.48626999999999,-5,1,"32.567281,-81.48627",Hartford County
22360,30004,Alpharetta,GA,34.119177,-84.30292,-5,1,"34.119177,-84.30292",Fulton County
22379,30150,Mount Zion,GA,33.643002,-85.181782,-5,1,"33.643002,-85.181782",n/a
22381,31537,Folkston,GA,30.860915000000002,-82.02194,-5,1,"30.860915,-82.02194",Charlton County
22458,30707,Chickamauga,GA,34.827019,-85.32883000000001,-5,1,"34.827019,-85.32883",Walker County
22472,30118,Carrollton,GA,33.571176,-85.09612,-5,1,"33.571176,-85.09612",Dallas County
22534,31078,Roberta,GA,32.702635,-84.03811,-5,1,"32.702635,-84.03811",Crawford County
22596,30534,Dawsonville,GA,34.416521,-84.10849,-5,1,"34.416521,-84.10849",Dawson County
22597,30913,Augusta,GA,33.386041,-82.09099599999999,-5,1,"33.386041,-82.090996",Richmond County
22598,31774,Ocilla,GA,31.586426,-83.27583,-5,1,"31.586426,-83.27583",Irwin County
22607,30734,Ranger,GA,34.531444,-84.69955,-5,1,"34.531444,-84.69955",New York County
22608,31156,Atlanta,GA,33.844371,-84.47405,-5,1,"33.844371,-84.47405",Fulton County
22609,31524,Brunswick,GA,31.221995,-81.482551,-5,1,"31.221995,-81.482551",Medina County
22610,31734,Climax,GA,30.880959999999998,-84.42415,-5,1,"30.88096,-84.42415",Greenwood County
22785,30368,Atlanta,GA,33.844371,-84.47405,-5,1,"33.844371,-84.47405",Fulton County
22880,30013,Conyers,GA,33.633685,-83.98382,-5,1,"33.633685,-83.98382",Rockdale County
22881,30064,Marietta,GA,33.946735,-84.602,-5,1,"33.946735,-84.602",Cobb County
22882,30359,Atlanta,GA,33.891251000000004,-84.07455999999999,-5,1,"33.891251,-84.07456",Fulton County
22883,31647,Sparks,GA,31.183567,-83.43559,-5,1,"31.183567,-83.43559",Washoe County
22902,30683,Winterville,GA,33.954046999999996,-83.2673,-5,1,"33.954047,-83.2673",Pitt County
22967,30311,Atlanta,GA,33.724907,-84.47131,-5,1,"33.724907,-84.47131",Fulton County
22968,31408,Savannah,GA,32.106705,-81.16915,-5,1,"32.106705,-81.16915",Chatham County
22969,31914,Columbus,GA,32.491005,-84.874123,-5,1,"32.491005,-84.874123",Franklin County
23036,30546,Hiawassee,GA,34.923846999999995,-83.7231,-5,1,"34.923847,-83.7231",Towns County
23037,31743,De Soto,GA,31.930451,-84.02920999999999,-5,1,"31.930451,-84.02921",Johnson County
23038,31995,Fort Benning,GA,32.495841,-84.963981,-5,1,"32.495841,-84.963981",n/a
23091,31750,Fitzgerald,GA,31.720028999999997,-83.25093000000001,-5,1,"31.720029,-83.25093",Tulsa County
23153,30386,Atlanta,GA,33.844371,-84.47405,-5,1,"33.844371,-84.47405",Fulton County
23167,30711,Crandall,GA,34.93882,-84.76558,-5,1,"34.93882,-84.76558",Kaufman County
23203,31716,Baconton,GA,31.3709,-84.12921,-5,1,"31.3709,-84.12921",Mitchell County
23218,30381,Atlanta,GA,33.844371,-84.47405,-5,1,"33.844371,-84.47405",Fulton County
23265,30224,Griffin,GA,33.215454,-84.25426999999999,-5,1,"33.215454,-84.25427",Muskogee County
23329,31333,Walthourville,GA,31.777890000000003,-81.64534,-5,1,"31.77789,-81.64534",Liberty County
23352,30237,Jonesboro,GA,33.500696999999995,-84.35127299999999,-5,1,"33.500697,-84.351273",Craighead County
23355,31332,Valona,GA,31.495071000000003,-81.381908,-5,1,"31.495071,-81.381908",n/a
23453,31029,Forsyth,GA,33.0409,-83.92941,-5,1,"33.0409,-83.92941",Forsyth County
23459,30016,Covington,GA,33.542118,-83.93372,-5,1,"33.542118,-83.93372",Kenton County
23861,30822,Perkins,GA,32.914843,-81.87901,-5,1,"32.914843,-81.87901",Kay County
23892,30286,Thomaston,GA,32.895794,-84.33084000000001,-5,1,"32.895794,-84.33084",Upson County
23894,30820,Mitchell,GA,33.224199,-82.713,-5,1,"33.224199,-82.713",Montgomery County
23906,31812,Junction City,GA,32.614374,-84.44513,-5,1,"32.614374,-84.44513",Geary County
23960,30018,Jersey,GA,33.717989,-83.801451,-5,1,"33.717989,-83.801451",n/a
23961,30093,Norcross,GA,33.909952000000004,-84.1794,-5,1,"33.909952,-84.1794",Gwinnett County
23962,30417,Claxton,GA,32.162077000000004,-81.90984,-5,1,"32.162077,-81.90984",Evans County
23963,30627,Carlton,GA,33.994139000000004,-82.97819,-5,1,"33.994139,-82.97819",Tulsa County
23988,30218,Gay,GA,33.121379,-84.58776,-5,1,"33.121379,-84.58776",Tulsa County
23989,31814,Louvale,GA,32.154164,-84.83856999999999,-5,1,"32.154164,-84.83857",Stewart County
24015,30502,Chestnut Mountain,GA,34.212993,-83.79485799999999,-5,1,"34.212993,-83.794858",Jo Daviess County
24037,30336,Atlanta,GA,33.744007,-84.56031999999999,-5,1,"33.744007,-84.56032",Fulton County
24038,30821,Norwood,GA,33.477946,-82.73454,-5,1,"33.477946,-82.73454",Norfolk County
24105,30284,Sunny Side,GA,33.345253,-84.289814,-5,1,"33.345253,-84.289814",Johnson County
24106,30328,Atlanta,GA,33.931746000000004,-84.37817,-5,1,"33.931746,-84.37817",Fulton County
24107,30452,Register,GA,32.327219,-81.89818000000001,-5,1,"32.327219,-81.89818",Montgomery County
24160,31192,Atlanta,GA,33.844371,-84.47405,-5,1,"33.844371,-84.47405",Fulton County
24173,30090,Marietta,GA,33.952451,-84.54708199999999,-5,1,"33.952451,-84.547082",Cobb County
24239,30025,Social Circle,GA,33.65072,-83.70779,-5,1,"33.65072,-83.70779",Walton County
24265,30011,Auburn,GA,34.022974,-83.83416,-5,1,"34.022974,-83.83416",Lee County
24320,30251,Luthersville,GA,33.201986,-84.69943,-5,1,"33.201986,-84.69943",Meriwether County
24411,30173,Silver Creek,GA,34.145931,-85.14341999999999,-5,1,"34.145931,-85.14342",Chautauqua County
24412,30473,Uvalda,GA,32.03096,-82.48796999999999,-5,1,"32.03096,-82.48797",Montgomery County
24723,30258,Molena,GA,32.999261,-84.47168,-5,1,"32.999261,-84.47168",Pike County
24724,30369,Atlanta,GA,33.844371,-84.47405,-5,1,"33.844371,-84.47405",Fulton County
24725,30642,Greensboro,GA,33.547041,-83.19797,-5,1,"33.547041,-83.19797",Guilford County
24726,31790,Sycamore,GA,31.652541999999997,-83.57934,-5,1,"31.652542,-83.57934",Boone County
24833,31409,Savannah,GA,31.971394,-81.07155999999999,-5,1,"31.971394,-81.07156",Chatham County
24851,30202,Alpharetta,GA,34.062176,-84.240414,-5,1,"34.062176,-84.240414",Fulton County
24925,39901,Atlanta,GA,33.891251000000004,-84.07455999999999,-5,1,"33.891251,-84.07456",Fulton County
24937,30137,Emerson,GA,34.124283,-84.75579,-5,1,"34.124283,-84.75579",Tulsa County
24968,30067,Marietta,GA,33.933002,-84.47633,-5,1,"33.933002,-84.47633",Cobb County
25122,30021,Clarkston,GA,33.809604,-84.2387,-5,1,"33.809604,-84.2387",Oakland County
25214,30135,Douglasville,GA,33.701553999999994,-84.73756,-5,1,"33.701554,-84.73756",Douglas County
25215,30420,Cobbtown,GA,32.301639,-82.11842,-5,1,"32.301639,-82.11842",Tattnall County
25216,31522,Saint Simons Island,GA,31.176515999999996,-81.3802,-5,1,"31.176516,-81.3802",Glynn County
25298,30434,Louisville,GA,33.008983,-82.37799999999999,-5,1,"33.008983,-82.378",Jefferson County
25354,30665,Siloam,GA,33.535009,-83.07786999999999,-5,1,"33.535009,-83.07787",Lifou
25355,31019,Dexter,GA,32.427633,-83.05632,-5,1,"32.427633,-83.05632",Cowley County
25511,30607,Athens,GA,34.013154,-83.43565,-5,1,"34.013154,-83.43565",n/a
25539,30066,Marietta,GA,34.027533,-84.51475,-5,1,"34.027533,-84.51475",Cobb County
25540,30735,Resaca,GA,34.604648,-84.91926,-5,1,"34.604648,-84.91926",Gordon County
25541,31191,Atlanta,GA,33.844371,-84.47405,-5,1,"33.844371,-84.47405",Fulton County
25542,31304,Crescent,GA,31.495071000000003,-81.381908,-5,1,"31.495071,-81.381908",Pottawattamie County
25543,31792,Thomasville,GA,30.817653999999997,-83.98919000000001,-5,1,"30.817654,-83.98919",Thomas County
25608,30907,Augusta,GA,33.512541,-82.09491,-5,1,"33.512541,-82.09491",Richmond County
25857,31768,Moultrie,GA,31.165358,-83.77172,-5,1,"31.165358,-83.77172",Colquitt County
25950,30272,Red Oak,GA,33.625894,-84.516327,-5,1,"33.625894,-84.516327",Lawrence County
25980,30306,Atlanta,GA,33.786755,-84.35149,-5,1,"33.786755,-84.35149",Fulton County
25981,30724,Eton,GA,34.822176,-84.75967,-5,1,"34.822176,-84.75967",n/a
26034,30054,Oxford,GA,33.658113,-83.86249000000001,-5,1,"33.658113,-83.86249",Oxfordshire
26445,31523,Brunswick,GA,31.212705,-81.60975,-5,1,"31.212705,-81.60975",Medina County
26596,30010,Norcross,GA,33.960353000000005,-84.037859,-5,1,"33.960353,-84.037859",Gwinnett County
26612,30078,Snellville,GA,33.860955,-84.01807,-5,1,"33.860955,-84.01807",Gwinnett County
26672,31831,Waverly Hall,GA,32.698622,-84.71552,-5,1,"32.698622,-84.71552",Harris County
26889,30571,Sautee Nacoochee,GA,34.696896,-83.68012,-5,1,"34.696896,-83.68012",White County
27051,30079,Scottdale,GA,33.791537,-84.25994,-5,1,"33.791537,-84.25994",Westmoreland County
27054,31833,West Point,GA,32.867469,-85.13779,-5,1,"32.867469,-85.13779",Orange County
27087,30365,Atlanta,GA,33.844371,-84.47405,-5,1,"33.844371,-84.47405",Fulton County
27088,30517,Braselton,GA,34.121974,-83.78604,-5,1,"34.121974,-83.78604",Jackson County
27159,31087,Sparta,GA,33.260234999999994,-83.00647,-5,1,"33.260235,-83.00647",n/a
27308,30344,Atlanta,GA,33.676258000000004,-84.44977,-5,1,"33.676258,-84.44977",Fulton County
27309,31810,Geneva,GA,32.577909999999996,-84.54513,-5,1,"32.57791,-84.54513",Geneva
27382,30095,Duluth,GA,34.025597999999995,-84.13045,-5,1,"34.025598,-84.13045",St. Louis County
27464,30165,Rome,GA,34.281423,-85.23825,-5,1,"34.281423,-85.23825",Metropolitan City of Rome
27465,30331,Atlanta,GA,33.715558,-84.52728,-5,1,"33.715558,-84.52728",Fulton County
27558,31708,Albany,GA,31.591072999999998,-84.132357,-5,1,"31.591073,-84.132357",Albany County
27559,30830,Waynesboro,GA,33.080965,-81.9944,-5,1,"33.080965,-81.9944",n/a
27608,30518,Buford,GA,34.12115,-84.01804,-5,1,"34.12115,-84.01804",Gwinnett County
27636,31094,Warthen,GA,33.125097,-82.81018,-5,1,"33.125097,-82.81018",Washington County
27687,31811,Hamilton,GA,32.722333,-84.95803000000001,-5,1,"32.722333,-84.95803",Greenwood County
27912,30204,Barnesville,GA,33.05413,-84.14862,-5,1,"33.05413,-84.14862",Lamar County
27913,31067,Oconee,GA,32.860031,-82.95019,-5,1,"32.860031,-82.95019",Oconee County
27914,31623,Argyle,GA,31.071563,-82.65231999999999,-5,1,"31.071563,-82.65232",Denton County
27927,30305,Atlanta,GA,33.830054,-84.38472,-5,1,"33.830054,-84.38472",Fulton County
27936,30142,Holly Springs,GA,34.242944,-84.458326,-5,1,"34.242944,-84.458326",Wake County
28069,30701,Calhoun,GA,34.4966,-84.93798000000001,-5,1,"34.4966,-84.93798",Gordon County
28070,31081,Rupert,GA,32.419094,-84.28475,-5,1,"32.419094,-84.28475",Minidoka County
28239,30805,Blythe,GA,33.297318,-82.21503,-5,1,"33.297318,-82.21503",Riverside County
28506,31012,Chester,GA,32.396381,-83.16892,-5,1,"32.396381,-83.16892",Cheshire West and Chester
28507,31622,Alapaha,GA,31.379665000000003,-83.21803,-5,1,"31.379665,-83.21803",Berrien County
28788,31082,Sandersville,GA,32.984528999999995,-82.8375,-5,1,"32.984529,-82.8375",Washington County
28789,31763,Leesburg,GA,31.714526,-84.16931,-5,1,"31.714526,-84.16931",Loudoun County
28828,30506,Gainesville,GA,34.346102,-83.90100000000001,-5,1,"34.346102,-83.901",Alachua County
28829,31058,Mauk,GA,32.498727,-84.42804,-5,1,"32.498727,-84.42804",Taylor County
28830,31620,Adel,GA,31.133004,-83.42736,-5,1,"31.133004,-83.42736",Dallas County
28836,30087,Stone Mountain,GA,33.817438,-84.13167,-5,1,"33.817438,-84.13167",DeKalb County
28875,31821,Omaha,GA,32.1342,-84.98499,-5,1,"32.1342,-84.98499",Douglas County
28997,30175,Talking Rock,GA,34.537611,-84.51135,-5,1,"34.537611,-84.51135",Pickens County
29239,31203,Macon,GA,32.806707,-83.691315,-5,1,"32.806707,-83.691315",Bibb County
29280,30003,Norcross,GA,33.960353000000005,-84.037859,-5,1,"33.960353,-84.037859",Gwinnett County
29281,31063,Montezuma,GA,32.293293,-83.98913,-5,1,"32.293293,-83.98913",Gray County
29332,30177,Tate,GA,34.418116,-84.38462,-5,1,"34.418116,-84.38462",Washington County
29415,30467,Sylvania,GA,32.754635,-81.63543,-5,1,"32.754635,-81.63543",Johnson County
29495,31119,Atlanta,GA,33.891251000000004,-84.07455999999999,-5,1,"33.891251,-84.07456",Fulton County
29525,30541,Epworth,GA,34.925622,-84.42981,-5,1,"34.925622,-84.42981",Blair County
29526,31097,Yatesville,GA,32.912207,-84.14811999999999,-5,1,"32.912207,-84.14812",Lawrence County
29527,31312,Guyton,GA,32.313815999999996,-81.3908,-5,1,"32.313816,-81.3908",Effingham County
29528,31999,Columbus,GA,32.491005,-84.874123,-5,1,"32.491005,-84.874123",Franklin County
29645,31807,Ellerslie,GA,32.634965,-84.80136999999999,-5,1,"32.634965,-84.80137",Weld County
29667,30113,Buchanan,GA,33.846270000000004,-85.20291,-5,1,"33.84627,-85.20291",Botetourt County
29680,30645,High Shoals,GA,33.801274,-83.516374,-5,1,"33.801274,-83.516374",Paulding County
29734,30261,Lagrange,GA,33.04567,-85.04899499999999,-5,1,"33.04567,-85.048995",Troup County
29735,30753,Trion,GA,34.558403999999996,-85.30301,-5,1,"34.558404,-85.30301",Chattooga County
29839,30751,Tennga,GA,34.981449,-84.735233,-5,1,"34.981449,-84.735233",Murray County
29840,31650,Willacoochee,GA,31.375165000000003,-83.01949,-5,1,"31.375165,-83.01949",Atkinson County
29841,31737,Colquitt,GA,31.152253,-84.69653000000001,-5,1,"31.152253,-84.69653",Miller County
29954,31022,Dudley,GA,32.516865,-83.09905,-5,1,"32.516865,-83.09905",Worcester County
29955,31040,Dublin,GA,32.540073,-82.914974,-5,1,"32.540073,-82.914974",n/a
30080,30240,Lagrange,GA,33.029838,-85.0745,-5,1,"33.029838,-85.0745",Troup County
30081,31783,Rebecca,GA,31.767985999999997,-83.47325,-5,1,"31.767986,-83.47325",New York County
30168,31547,Kings Bay,GA,30.804684,-81.627717,-5,1,"30.804684,-81.627717",Camden County
30169,31746,Edison,GA,31.563327,-84.75869,-5,1,"31.563327,-84.75869",Middlesex County
30174,30083,Stone Mountain,GA,33.795621999999995,-84.19771,-5,1,"33.795622,-84.19771",DeKalb County
30392,30223,Griffin,GA,33.268184999999995,-84.27306,-5,1,"33.268185,-84.27306",Muskogee County
30393,31068,Oglethorpe,GA,32.329164,-84.07988,-5,1,"32.329164,-84.07988",DeKalb County
30394,31499,Savannah,GA,31.971394,-81.07155999999999,-5,1,"31.971394,-81.07156",Chatham County
30395,31702,Albany,GA,31.594782000000002,-84.194812,-5,1,"31.594782,-84.194812",Albany County
30468,30017,Grayson,GA,33.888829,-83.96848,-5,1,"33.888829,-83.96848",Knox County
30685,30189,Woodstock,GA,34.117565,-84.57176,-5,1,"34.117565,-84.57176",Ulster County
30686,31126,Atlanta,GA,33.844371,-84.47405,-5,1,"33.844371,-84.47405",Fulton County
30687,31761,Jakin,GA,31.113121999999997,-85.00251,-5,1,"31.113122,-85.00251",Early County
30742,30539,East Ellijay,GA,34.680011,-84.47154,-5,1,"34.680011,-84.47154",Gilmer County
30779,31720,Barwick,GA,30.890906,-83.73816,-5,1,"30.890906,-83.73816",Thrse-De Blainville
30804,31760,Irwinville,GA,31.706283000000003,-83.408633,-5,1,"31.706283,-83.408633",Irwin County
30939,30754,Summerville,GA,34.484483000000004,-85.34554399999999,-5,1,"34.484483,-85.345544",Dorchester County
30940,31091,Unadilla,GA,32.24473,-83.72075,-5,1,"32.24473,-83.72075",Otsego County
30956,30289,Turin,GA,33.326029999999996,-84.637108,-5,1,"33.32603,-84.637108",Metropolitan City of Turin
30962,31323,Riceboro,GA,31.658252,-81.48778,-5,1,"31.658252,-81.48778",Liberty County
31038,30002,Avondale Estates,GA,33.772121999999996,-84.26491,-5,1,"33.772122,-84.26491",DeKalb County
31141,31738,Coolidge,GA,31.012041999999997,-83.87218,-5,1,"31.012042,-83.87218",Essex County
31196,31035,Harrison,GA,32.835471000000005,-82.70761,-5,1,"32.835471,-82.70761",Boone County
31291,31039,Howard,GA,32.587537,-84.3895,-5,1,"32.587537,-84.3895",Elk County
31381,30351,Atlanta,GA,33.844371,-84.47405,-5,1,"33.844371,-84.47405",Fulton County
31382,30438,Manassas,GA,32.152792,-82.01301,-5,1,"32.152792,-82.01301",n/a
31383,30598,Toccoa,GA,34.597674,-83.36206999999999,-5,1,"34.597674,-83.36207",Stephens County
31562,31064,Monticello,GA,33.319093,-83.70862,-5,1,"33.319093,-83.70862",Albemarle County
31685,30085,Tucker,GA,33.891251000000004,-84.07455999999999,-5,1,"33.891251,-84.07456",DeKalb County
31686,31631,Fargo,GA,30.680867,-82.58028,-5,1,"30.680867,-82.58028",Cass County
31785,30252,Mcdonough,GA,33.464387,-84.08154,-5,1,"33.464387,-84.08154",Henry County
31819,31781,Poulan,GA,31.526584000000003,-83.79025,-5,1,"31.526584,-83.79025",Richmond County
31917,30097,Duluth,GA,34.020621000000006,-84.14294,-5,1,"34.020621,-84.14294",St. Louis County
31996,31703,Albany,GA,31.543065000000002,-84.219594,-5,1,"31.543065,-84.219594",Albany County
32066,30313,Atlanta,GA,33.761223,-84.39599,-5,1,"33.761223,-84.39599",Fulton County
32067,30540,Ellijay,GA,34.688716,-84.46715999999999,-5,1,"34.688716,-84.46716",Gilmer County
32068,31002,Adrian,GA,32.549853999999996,-82.56948,-5,1,"32.549854,-82.56948",Lenawee County
32069,31707,Albany,GA,31.568073,-84.22644,-5,1,"31.568073,-84.22644",Albany County
32116,30677,Watkinsville,GA,33.849286,-83.41232,-5,1,"33.849286,-83.41232",Oconee County
32117,31198,Atlanta,GA,33.844371,-84.47405,-5,1,"33.844371,-84.47405",Fulton County
32211,31780,Plains,GA,32.026125,-84.39361,-5,1,"32.026125,-84.39361",Meade County
32237,31786,Shellman,GA,31.72952,-84.60173,-5,1,"31.72952,-84.60173",Randolph County
32298,30291,Union City,GA,33.580878000000006,-84.54611,-5,1,"33.580878,-84.54611",Alameda County
32299,30389,Atlanta,GA,33.844371,-84.47405,-5,1,"33.844371,-84.47405",Fulton County
32300,30466,Summertown,GA,32.566594,-82.324475,-5,1,"32.566594,-82.324475",Lawrence County
32301,31558,Saint Marys,GA,30.761081,-81.56912,-5,1,"30.761081,-81.56912",Jasper County
32325,30580,Turnerville,GA,34.676584000000005,-83.43578000000001,-5,1,"34.676584,-83.43578",Habersham County
32326,31564,Waresboro,GA,31.018953999999997,-82.416543,-5,1,"31.018954,-82.416543",Ware County
32351,31601,Valdosta,GA,30.807278999999998,-83.28661,-5,1,"30.807279,-83.28661",Lowndes County
32352,31724,Bluffton,GA,31.528299,-84.86025,-5,1,"31.528299,-84.86025",Beaufort County
32410,31321,Pembroke,GA,32.163245,-81.64211,-5,1,"32.163245,-81.64211",Robeson County
32434,31073,Plainfield,GA,32.176429,-83.12289100000001,-5,1,"32.176429,-83.122891",Hendricks County
32435,31804,Cataula,GA,32.651617,-84.88805,-5,1,"32.651617,-84.88805",Harris County
32501,30436,Lyons,GA,32.177508,-82.30448,-5,1,"32.177508,-82.30448",Rice County
32525,30213,Fairburn,GA,33.565661999999996,-84.59321,-5,1,"33.565662,-84.59321",Fulton County
32526,30619,Arnoldsville,GA,33.863663,-83.24825,-5,1,"33.863663,-83.24825",Oglethorpe County
32527,31604,Valdosta,GA,30.827965000000003,-83.25219200000001,-5,1,"30.827965,-83.252192",Lowndes County
32528,31917,Columbus,GA,32.491005,-84.874123,-5,1,"32.491005,-84.874123",Franklin County
32596,30314,Atlanta,GA,33.758055999999996,-84.42268,-5,1,"33.758056,-84.42268",Fulton County
32597,30716,Tallapoosa,GA,33.744222,-85.286982,-5,1,"33.744222,-85.286982",Haralson County
32598,31752,Fowlstown,GA,30.803290999999998,-84.54711,-5,1,"30.803291,-84.54711",Decatur County
32711,30523,Clarkesville,GA,34.700311,-83.51879,-5,1,"34.700311,-83.51879",Habersham County
32804,30652,Greensboro,GA,33.559342,-83.36415600000001,-5,1,"33.559342,-83.364156",Guilford County
32805,31202,Macon,GA,32.806707,-83.691315,-5,1,"32.806707,-83.691315",Bibb County
32879,30170,Roopville,GA,33.434562,-85.16973,-5,1,"33.434562,-85.16973",Carroll County
32907,30106,Austell,GA,33.828061,-84.62593000000001,-5,1,"33.828061,-84.62593",Cobb County
32957,30363,Atlanta,GA,33.844371,-84.47405,-5,1,"33.844371,-84.47405",Fulton County
32993,31568,White Oak,GA,31.003384999999998,-81.79512,-5,1,"31.003385,-81.79512",Allegheny County
33011,30045,Lawrenceville,GA,33.949054,-83.98565,-5,1,"33.949054,-83.98565",Gwinnett County
33089,30622,Bogart,GA,33.927792,-83.51552,-5,1,"33.927792,-83.51552",Oconee County
33090,31733,Chula,GA,31.592199,-83.48004,-5,1,"31.592199,-83.48004",San Diego County
33116,31830,Warm Springs,GA,32.896166,-84.71191,-5,1,"32.896166,-84.71191",Meriwether County
33242,30342,Atlanta,GA,33.879003000000004,-84.37203000000001,-5,1,"33.879003,-84.37203",Fulton County
33243,30510,Alto,GA,34.455729,-83.58913000000001,-5,1,"34.455729,-83.58913",Cherokee County
33244,31086,Smarr,GA,32.989503000000006,-83.876108,-5,1,"32.989503,-83.876108",Monroe County
33245,31204,Macon,GA,32.844871999999995,-83.67119,-5,1,"32.844872,-83.67119",Bibb County
33445,31195,Atlanta,GA,33.844371,-84.47405,-5,1,"33.844371,-84.47405",Fulton County
33449,30099,Duluth,GA,33.959534999999995,-84.105011,-5,1,"33.959535,-84.105011",St. Louis County
33640,30577,Toccoa,GA,34.561584,-83.31718000000001,-5,1,"34.561584,-83.31718",Stephens County
33641,30680,Winder,GA,33.992538,-83.71061,-5,1,"33.992538,-83.71061",Barrow County
33745,30301,Atlanta,GA,33.844371,-84.47405,-5,1,"33.844371,-84.47405",Fulton County
33893,31099,Warner Robins,GA,32.646236,-83.6513,-5,1,"32.646236,-83.6513",Houston County
33938,30515,Buford,GA,33.960353000000005,-84.037859,-5,1,"33.960353,-84.037859",Gwinnett County
33946,31077,Rhine,GA,31.953407000000002,-83.18058,-5,1,"31.953407,-83.18058",n/a
33947,31638,Morven,GA,30.935087,-83.50211,-5,1,"30.935087,-83.50211",Anson County
34042,31610,Sparks,GA,31.172669,-83.439433,-5,1,"31.172669,-83.439433",Washoe County
34069,30293,Woodbury,GA,32.973728,-84.5903,-5,1,"32.973728,-84.5903",Orange County
34070,30909,Augusta,GA,33.475936,-82.0697,-5,1,"33.475936,-82.0697",Richmond County
34110,30366,Atlanta,GA,33.891251000000004,-84.07455999999999,-5,1,"33.891251,-84.07456",Fulton County
34117,30182,Waco,GA,33.658254,-85.23496999999999,-5,1,"33.658254,-85.23497",McLennan County
34156,31729,Calvary,GA,30.729915000000002,-84.34761999999999,-5,1,"30.729915,-84.34762",Wilson County
34238,30394,Atlanta,GA,33.844371,-84.47405,-5,1,"33.844371,-84.47405",Fulton County
34239,30266,Orchard Hill,GA,33.265656,-84.298964,-5,1,"33.265656,-84.298964",Johnson County
34265,31201,Macon,GA,32.830839000000005,-83.63529,-5,1,"32.830839,-83.63529",Bibb County
34457,31736,Coleman,GA,31.650442,-84.87908,-5,1,"31.650442,-84.87908",Sedgwick County
34466,30138,Esom Hill,GA,33.99994,-85.172297,-5,1,"33.99994,-85.172297",Polk County
34553,31412,Savannah,GA,31.971394,-81.07155999999999,-5,1,"31.971394,-81.07156",Chatham County
34554,31701,Albany,GA,31.580773999999998,-84.16044000000001,-5,1,"31.580774,-84.16044",Albany County
34555,31704,Albany,GA,31.549975,-84.061155,-5,1,"31.549975,-84.061155",Albany County
34572,31220,Macon,GA,32.862246,-83.78665,-5,1,"32.862246,-83.78665",Bibb County
34573,31415,Savannah,GA,32.075806,-81.12002,-5,1,"32.075806,-81.12002",Chatham County
34664,30029,Duluth,GA,33.960353000000005,-84.037859,-5,1,"33.960353,-84.037859",St. Louis County
34665,30206,Concord,GA,33.109598999999996,-84.45541,-5,1,"33.109599,-84.45541",Contra Costa County
34666,30823,Stapleton,GA,33.234802,-82.46303,-5,1,"33.234802,-82.46303",Denver County
34667,31331,Townsend,GA,31.547411999999998,-81.3862,-5,1,"31.547412,-81.3862",Middlesex County
34668,31519,Broxton,GA,31.676540000000003,-82.88991,-5,1,"31.67654,-82.88991",Los Angeles County
34703,30914,Augusta,GA,33.386041,-82.09099599999999,-5,1,"33.386041,-82.090996",Richmond County
34748,30620,Bethlehem,GA,33.928948999999996,-83.73524,-5,1,"33.928949,-83.73524",n/a
34780,30180,Villa Rica,GA,33.718078999999996,-84.92356,-5,1,"33.718079,-84.92356",Carroll County
34781,31309,Fleming,GA,31.873145,-81.42676,-5,1,"31.873145,-81.42676",Tulsa County
34840,31642,Pearson,GA,31.272909999999996,-82.83341999999999,-5,1,"31.27291,-82.83342",Shawnee County
34888,30031,Decatur,GA,33.891251000000004,-84.07455999999999,-5,1,"33.891251,-84.07456",DeKalb County
34892,31095,Warner Robins,GA,32.487403,-83.669655,-5,1,"32.487403,-83.669655",Houston County
34896,30094,Conyers,GA,33.621906,-84.04633000000001,-5,1,"33.621906,-84.04633",Rockdale County
34929,30319,Atlanta,GA,33.872053,-84.33610999999999,-5,1,"33.872053,-84.33611",Fulton County
35147,30425,Garfield,GA,32.632683,-82.036,-5,1,"32.632683,-82.036",Labette County
35261,31055,McRae,GA,32.045313,-82.8916,-5,1,"32.045313,-82.8916",White County
35382,30427,Glennville,GA,31.945767,-81.93594,-5,1,"31.945767,-81.93594",Tattnall County
35425,30385,Atlanta,GA,33.844371,-84.47405,-5,1,"33.844371,-84.47405",Fulton County
35426,31145,Atlanta,GA,33.891251000000004,-84.07455999999999,-5,1,"33.891251,-84.07456",Fulton County
35448,31549,Lumber City,GA,31.928525,-82.69332,-5,1,"31.928525,-82.69332",Telfair County
35569,30673,Washington,GA,33.728753999999995,-82.72612,-5,1,"33.728754,-82.72612",n/a
35575,31715,Attapulgus,GA,30.743234,-84.48229,-5,1,"30.743234,-84.48229",Decatur County
35659,30233,Jackson,GA,33.294522,-83.97568000000001,-5,1,"33.294522,-83.97568",Montgomery County
35660,30733,Plainville,GA,34.409661,-85.03345,-5,1,"34.409661,-85.03345",Hartford County
35728,30146,Lebanon,GA,34.242944,-84.458326,-5,1,"34.242944,-84.458326",n/a
35729,30740,Rocky Face,GA,34.757918,-85.05879,-5,1,"34.757918,-85.05879",Alexander County
35730,31518,Bristol,GA,31.513510999999998,-82.18481,-5,1,"31.513511,-82.18481",Sullivan County
35794,30133,Douglasville,GA,33.689659999999996,-84.74459499999999,-5,1,"33.68966,-84.744595",Douglas County
35795,30332,Atlanta,GA,33.776305,-84.397976,-5,1,"33.776305,-84.397976",Fulton County
35796,30730,Lyerly,GA,34.376063,-85.4043,-5,1,"34.376063,-85.4043",Chattooga County
35865,30412,Alston,GA,32.083878999999996,-82.47988000000001,-5,1,"32.083879,-82.47988",Dorchester County
36006,30516,Bowersville,GA,34.370551,-83.05998000000001,-5,1,"34.370551,-83.05998",Hart County
36021,30030,Decatur,GA,33.771705,-84.29406999999999,-5,1,"33.771705,-84.29407",DeKalb County
36022,31199,Atlanta,GA,33.844371,-84.47405,-5,1,"33.844371,-84.47405",Fulton County
36027,30171,Rydal,GA,34.346142,-84.73232,-5,1,"34.346142,-84.73232",Montgomery County
36028,30179,Temple,GA,33.76324,-85.02667,-5,1,"33.76324,-85.02667",Montgomery County
36029,30315,Atlanta,GA,33.709595,-84.38365,-5,1,"33.709595,-84.38365",Fulton County
36030,30355,Atlanta,GA,33.844371,-84.47405,-5,1,"33.844371,-84.47405",Fulton County
36138,30507,Gainesville,GA,34.253714,-83.77348,-5,1,"34.253714,-83.77348",Alachua County
36139,30755,Tunnel Hill,GA,34.85973,-85.03867,-5,1,"34.85973,-85.03867",Johnson County
36140,30808,Dearing,GA,33.397137,-82.40335,-5,1,"33.397137,-82.40335",Montgomery County
36162,30459,Statesboro,GA,32.447036,-81.77772,-5,1,"32.447036,-81.77772",Bulloch County
36163,30623,Bostwick,GA,33.754234999999994,-83.511055,-5,1,"33.754235,-83.511055",Putnam County
36210,30166,Carrollton,GA,33.571329,-85.030663,-5,1,"33.571329,-85.030663",Dallas County
36211,30268,Palmetto,GA,33.527793,-84.69453,-5,1,"33.527793,-84.69453",Greenville County
36243,30647,Ila,GA,34.120239,-83.288117,-5,1,"34.120239,-83.288117",Douglas County
36244,31419,Savannah,GA,31.986249,-81.20259,-5,1,"31.986249,-81.20259",Chatham County
36245,31543,Hortense,GA,31.320166999999998,-81.85818,-5,1,"31.320167,-81.85818",Indian River County
36346,30250,Lovejoy,GA,33.437428000000004,-84.31519,-5,1,"33.437428,-84.31519",Collin County
36369,30151,Nelson,GA,34.242944,-84.458326,-5,1,"34.242944,-84.458326",Jackson County
36400,30511,Baldwin,GA,34.469971,-83.50035,-5,1,"34.469971,-83.50035",Douglas County
36402,30624,Bowman,GA,34.193943,-83.03375,-5,1,"34.193943,-83.03375",Bowman County
36416,30026,Duluth,GA,33.962979,-84.092267,-5,1,"33.962979,-84.092267",St. Louis County
36432,30362,Atlanta,GA,33.891251000000004,-84.07455999999999,-5,1,"33.891251,-84.07456",Fulton County
36442,30143,Jasper,GA,34.454934,-84.41583,-5,1,"34.454934,-84.41583",Division No. 15
36490,30638,Farmington,GA,33.775001,-83.42456,-5,1,"33.775001,-83.42456",San Juan County
36562,31006,Butler,GA,32.563544,-84.2461,-5,1,"32.563544,-84.2461",Butler County
36563,31706,Albany,GA,31.559274,-84.176507,-5,1,"31.559274,-84.176507",Albany County
36736,30347,Atlanta,GA,33.844371,-84.47405,-5,1,"33.844371,-84.47405",Fulton County
36778,31146,Atlanta,GA,33.891251000000004,-84.07455999999999,-5,1,"33.891251,-84.07456",Fulton County
36917,30471,Twin City,GA,32.547214000000004,-82.17048,-5,1,"32.547214,-82.17048",Jackson County
36970,30345,Atlanta,GA,33.851735999999995,-84.28412,-5,1,"33.851736,-84.28412",Fulton County
37029,30232,Inman,GA,33.403811,-84.504403,-5,1,"33.403811,-84.504403",McPherson County
37030,30817,Lincolnton,GA,33.765566,-82.43899,-5,1,"33.765566,-82.43899",Lincoln County
37031,30912,Augusta,GA,33.386041,-82.09099599999999,-5,1,"33.386041,-82.090996",Richmond County
37290,30109,Bowdon Junction,GA,33.653355,-85.136227,-5,1,"33.653355,-85.136227",Carroll County
37318,30346,Atlanta,GA,33.926753000000005,-84.33877,-5,1,"33.926753,-84.33877",Fulton County
37319,31007,Byromville,GA,32.199721000000004,-83.91327,-5,1,"32.199721,-83.91327",Dooly County
37510,30576,Tiger,GA,34.846806,-83.48178,-5,1,"34.846806,-83.48178",Montgomery County
37520,30428,Glenwood,GA,32.190739,-82.69115,-5,1,"32.190739,-82.69115",Garfield County
37573,30575,Talmo,GA,34.191571,-83.71124,-5,1,"34.191571,-83.71124",Jackson County
37625,31741,Damascus,GA,31.299009,-84.68772,-5,1,"31.299009,-84.68772",n/a
37676,30903,Augusta,GA,33.386041,-82.09099599999999,-5,1,"33.386041,-82.090996",Richmond County
37677,31507,Marshallville,GA,32.452926,-83.94433599999999,-5,1,"32.452926,-83.944336",Wayne County
37715,30441,Midville,GA,32.792831,-82.23715,-5,1,"32.792831,-82.23715",Burke County
37716,31041,Ideal,GA,32.371371,-84.18258,-5,1,"32.371371,-84.18258",Tulsa County
37801,30720,Dalton,GA,34.766095,-84.9865,-5,1,"34.766095,-84.9865",Whitfield County
37822,31659,Nashville,GA,31.205388,-83.246084,-5,1,"31.205388,-83.246084",Davidson County
37873,30705,Chatsworth,GA,34.753129,-84.77502,-5,1,"34.753129,-84.77502",Los Angeles County
37909,31018,Davisboro,GA,32.976548,-82.61607,-5,1,"32.976548,-82.61607",Washington County
37910,31024,Eatonton,GA,33.318579,-83.35432,-5,1,"33.318579,-83.35432",Putnam County
37989,30757,Wildwood,GA,34.954188,-85.43231999999999,-5,1,"34.954188,-85.43232",Cape May County
37990,31093,Warner Robins,GA,32.638315999999996,-83.64331999999999,-5,1,"32.638316,-83.64332",Houston County
38061,31303,Clyo,GA,32.508239,-81.3128,-5,1,"32.508239,-81.3128",Effingham County
38103,30461,Statesboro,GA,32.4906,-81.73165999999999,-5,1,"32.4906,-81.73166",Bulloch County
38109,31730,Camilla,GA,31.209853999999996,-84.23666999999999,-5,1,"31.209854,-84.23667",Mitchell County
38147,30999,Augusta,GA,33.386041,-82.09099599999999,-5,1,"33.386041,-82.090996",Richmond County
38148,31422,Savannah,GA,31.971394,-81.07155999999999,-5,1,"31.971394,-81.07156",Chatham County
38159,30722,Dalton,GA,34.759522,-84.951261,-5,1,"34.759522,-84.951261",Whitfield County
38342,31065,Montrose,GA,32.564036,-83.16019,-5,1,"32.564036,-83.16019",Montrose County
38343,31784,Sale City,GA,31.258794,-84.02897,-5,1,"31.258794,-84.02897",Mitchell County
38406,31015,Cordele,GA,31.950899,-83.77808,-5,1,"31.950899,-83.77808",Crisp County
38429,31548,Kingsland,GA,30.793409000000004,-81.68428,-5,1,"30.793409,-81.68428",Llano County
38620,30451,Pulaski,GA,32.414349,-82.086658,-5,1,"32.414349,-82.086658",Brown County
38621,30554,Lula,GA,34.391688,-83.65979,-5,1,"34.391688,-83.65979",Cook County
38698,30033,Decatur,GA,33.811353999999994,-84.28335,-5,1,"33.811354,-84.28335",DeKalb County
38731,31023,Eastman,GA,32.193953,-83.1848,-5,1,"32.193953,-83.1848",Dodge County
38784,30183,Waleska,GA,34.332315,-84.57700000000001,-5,1,"34.332315,-84.577",Cherokee County
38785,30264,Newnan,GA,33.361003000000004,-84.814173,-5,1,"33.361003,-84.814173",Coweta County
38786,31712,Arabi,GA,31.836577000000002,-83.72045,-5,1,"31.836577,-83.72045",St. Bernard Parish
38824,31441,Savannah,GA,32.008183,-81.101502,-5,1,"32.008183,-81.101502",Chatham County
38850,30349,Atlanta,GA,33.61541,-84.49033,-5,1,"33.61541,-84.49033",Fulton County
38927,31605,Valdosta,GA,30.92205,-83.25332,-5,1,"30.92205,-83.25332",Lowndes County
39115,31004,Bolingbroke,GA,32.946971000000005,-83.800628,-5,1,"32.946971,-83.800628",Monroe County
39196,30107,Ball Ground,GA,34.344939000000004,-84.37204,-5,1,"34.344939,-84.37204",Cherokee County
39197,31624,Axson,GA,31.297883000000002,-82.71029,-5,1,"31.297883,-82.71029",Atkinson County
39220,31062,Milledgeville,GA,33.087138,-83.22492,-5,1,"33.087138,-83.22492",Baldwin County
39221,31085,Shady Dale,GA,33.421694,-83.61433000000001,-5,1,"33.421694,-83.61433",Jasper County
39307,30544,Demorest,GA,34.593092,-83.562922,-5,1,"34.593092,-83.562922",Habersham County
39308,31313,Hinesville,GA,31.828575,-81.61617,-5,1,"31.828575,-81.61617",Liberty County
39309,31711,Andersonville,GA,32.195361,-84.137,-5,1,"32.195361,-84.137",Cook County
39333,31567,West Green,GA,31.631943,-82.71829,-5,1,"31.631943,-82.71829",Athens County
39334,31747,Ellenton,GA,31.176563,-83.58801,-5,1,"31.176563,-83.58801",Manatee County
39427,30396,Atlanta,GA,33.844371,-84.47405,-5,1,"33.844371,-84.47405",Fulton County
39428,30708,Cisco,GA,34.945576,-84.7113,-5,1,"34.945576,-84.7113",Benton County
39479,31294,Macon,GA,32.806707,-83.691315,-5,1,"32.806707,-83.691315",Bibb County
39542,30449,Oliver,GA,32.528104,-81.533198,-5,1,"32.528104,-81.533198",Tulsa County
39637,30096,Duluth,GA,33.979401,-84.15118000000001,-5,1,"33.979401,-84.15118",St. Louis County
39674,30023,Alpharetta,GA,33.844371,-84.47405,-5,1,"33.844371,-84.47405",Fulton County
39675,31098,Warner Robins,GA,32.614742,-83.59829,-5,1,"32.614742,-83.59829",Houston County
39676,31211,Macon,GA,32.878304,-83.59963,-5,1,"32.878304,-83.59963",Bibb County
39771,31735,Cobb,GA,31.959366999999997,-83.96028000000001,-5,1,"31.959367,-83.96028",McDonald County
39809,31997,Columbus,GA,32.491005,-84.874123,-5,1,"32.491005,-84.874123",Franklin County
39821,31416,Savannah,GA,32.005255,-81.04771099999999,-5,1,"32.005255,-81.047711",Chatham County
39882,30276,Senoia,GA,33.281102000000004,-84.58017,-5,1,"33.281102,-84.58017",Coweta County
39985,30530,Commerce,GA,34.209907,-83.38389000000001,-5,1,"34.209907,-83.38389",Jackson County
40029,30916,Augusta,GA,33.386041,-82.09099599999999,-5,1,"33.386041,-82.090996",Richmond County
40119,31775,Omega,GA,31.334062,-83.59971,-5,1,"31.334062,-83.59971",Tulsa County
40214,31632,Hahira,GA,30.991859,-83.36415,-5,1,"30.991859,-83.36415",Lowndes County
40215,31643,Quitman,GA,30.783639,-83.55343,-5,1,"30.783639,-83.55343",Wood County
40279,31904,Columbus,GA,32.513391,-84.97753,-5,1,"32.513391,-84.97753",Franklin County
40429,30292,Williamson,GA,33.169646,-84.37168,-5,1,"33.169646,-84.37168",Wayne County
40487,30061,Marietta,GA,33.932842,-84.556004,-5,1,"33.932842,-84.556004",Cobb County
40489,31197,Atlanta,GA,33.844371,-84.47405,-5,1,"33.844371,-84.47405",Fulton County
40583,30215,Fayetteville,GA,33.40147,-84.46271,-5,1,"33.40147,-84.46271",Cumberland County
40584,31327,Sapelo Island,GA,31.423776,-81.27064,-5,1,"31.423776,-81.27064",McIntosh County
40608,30371,Atlanta,GA,33.844371,-84.47405,-5,1,"33.844371,-84.47405",Fulton County
40612,31033,Haddock,GA,33.053288,-83.43902,-5,1,"33.053288,-83.43902",Sedgwick County
40625,30442,Millen,GA,32.802448,-81.98380999999999,-5,1,"32.802448,-81.98381",Jenkins County
40693,30297,Forest Park,GA,33.615409,-84.36704,-5,1,"33.615409,-84.36704",n/a
40694,30596,Alto,GA,34.629391,-83.509934,-5,1,"34.629391,-83.509934",Cherokee County
40735,30092,Norcross,GA,33.9692,-84.23261,-5,1,"33.9692,-84.23261",Gwinnett County
40793,30324,Atlanta,GA,33.818304,-84.35779000000001,-5,1,"33.818304,-84.35779",Fulton County
40808,30361,Atlanta,GA,33.844371,-84.47405,-5,1,"33.844371,-84.47405",Fulton County
40851,30538,Eastanollee,GA,34.511618,-83.25811,-5,1,"34.511618,-83.25811",Stephens County
41009,30535,Demorest,GA,34.573071999999996,-83.55991999999999,-5,1,"34.573072,-83.55992",Habersham County
41080,31090,Toomsboro,GA,32.801223,-83.06671,-5,1,"32.801223,-83.06671",Wilkinson County
41086,30643,Hartwell,GA,34.366948,-82.9201,-5,1,"34.366948,-82.9201",Hart County
41255,31196,Atlanta,GA,33.844371,-84.47405,-5,1,"33.844371,-84.47405",Fulton County
41315,30101,Acworth,GA,34.052285,-84.68483,-5,1,"34.052285,-84.68483",Cobb County
41342,30421,Collins,GA,32.186824,-82.10699,-5,1,"32.186824,-82.10699",Nowata County
41460,30007,Marietta,GA,33.912473,-84.557181,-5,1,"33.912473,-84.557181",Cobb County
41476,30116,Carrollton,GA,33.560454,-85.02254,-5,1,"33.560454,-85.02254",Dallas County
41545,30273,Rex,GA,33.582877,-84.26906,-5,1,"33.582877,-84.26906",New York County
41546,31824,Preston,GA,32.051618,-84.53419,-5,1,"32.051618,-84.53419",Montgomery County
41674,31329,Springfield,GA,32.390879,-81.32427,-5,1,"32.390879,-81.32427",Greene County
41681,30126,Mableton,GA,33.817738,-84.56087,-5,1,"33.817738,-84.56087",Cobb County
41714,30318,Atlanta,GA,33.786805,-84.43700000000001,-5,1,"33.786805,-84.437",Fulton County
41832,30285,The Rock,GA,32.995865,-84.25092,-5,1,"32.995865,-84.25092",Washington County
41833,30326,Atlanta,GA,33.849853,-84.3606,-5,1,"33.849853,-84.3606",Fulton County
41834,30423,Daisy,GA,32.150061,-81.83478000000001,-5,1,"32.150061,-81.83478",Benton County
41884,30323,Atlanta,GA,33.844371,-84.47405,-5,1,"33.844371,-84.47405",Fulton County
41885,31782,Putney,GA,31.543065000000002,-84.219594,-5,1,"31.543065,-84.219594",Windham County
41992,31759,Iron City,GA,31.011595,-84.80242,-5,1,"31.011595,-84.80242",Jefferson County
42020,30127,Powder Springs,GA,33.874553000000006,-84.68784000000001,-5,1,"33.874553,-84.68784",Cobb County
42022,31322,Pooler,GA,32.110421,-81.24568000000001,-5,1,"32.110421,-81.24568",Chatham County
42043,30325,Atlanta,GA,33.844371,-84.47405,-5,1,"33.844371,-84.47405",Fulton County
42045,31796,Warwick,GA,31.782465999999996,-83.86973,-5,1,"31.782466,-83.86973",Kent County
42093,31410,Savannah,GA,32.022019,-80.99193000000001,-5,1,"32.022019,-80.99193",Chatham County
42094,30601,Athens,GA,33.979015999999994,-83.36423,-5,1,"33.979016,-83.36423",n/a
42103,30104,Aragon,GA,34.065792,-85.07226999999999,-5,1,"34.065792,-85.07227",n/a
42147,30123,Cassville,GA,34.244178999999995,-84.84568399999999,-5,1,"34.244179,-84.845684",Barry County
42181,31791,Sylvester,GA,31.536886,-83.86041,-5,1,"31.536886,-83.86041",Worth County
42234,30388,Atlanta,GA,33.844371,-84.47405,-5,1,"33.844371,-84.47405",Fulton County
42377,30329,Atlanta,GA,33.827554,-84.32355,-5,1,"33.827554,-84.32355",Fulton County
42447,30648,Lexington,GA,33.863779,-83.06063,-5,1,"33.863779,-83.06063",Fayette County
42450,30304,Atlanta,GA,33.848196,-84.429296,-5,1,"33.848196,-84.429296",Fulton County
42456,30120,Cartersville,GA,34.167327,-84.82764,-5,1,"34.167327,-84.82764",Bartow County
42622,30555,McCaysville,GA,34.977037,-84.39839,-5,1,"34.977037,-84.39839",Fannin County
42623,31722,Berlin,GA,31.067313000000002,-83.62288000000001,-5,1,"31.067313,-83.62288",n/a
42775,30392,Atlanta,GA,33.844371,-84.47405,-5,1,"33.844371,-84.47405",Fulton County
42776,31757,Thomasville,GA,30.883208000000003,-83.91237,-5,1,"30.883208,-83.91237",Thomas County
42818,31794,Tifton,GA,31.459666,-83.51083,-5,1,"31.459666,-83.51083",Tift County
42821,30088,Stone Mountain,GA,33.762106,-84.17938000000001,-5,1,"33.762106,-84.17938",DeKalb County
42843,30639,Franklin Springs,GA,34.281721000000005,-83.14746,-5,1,"34.281721,-83.14746",Franklin County
42893,30283,Jackson,GA,33.295159000000005,-83.965099,-5,1,"33.295159,-83.965099",Montgomery County
42894,31710,Americus,GA,32.051235,-84.181547,-5,1,"32.051235,-84.181547",Sumter County
42927,30350,Atlanta,GA,33.97285,-84.32775,-5,1,"33.97285,-84.32775",Fulton County
42928,31037,Helena,GA,32.094127,-82.91713,-5,1,"32.094127,-82.91713",Lewis and Clark County
42970,30134,Douglasville,GA,33.769636,-84.74967,-5,1,"33.769636,-84.74967",Douglas County
42971,30455,Rocky Ford,GA,32.697762,-81.81036,-5,1,"32.697762,-81.81036",Otero County
42974,30203,Brooks,GA,33.288993,-84.464401,-5,1,"33.288993,-84.464401",Wilson County
42987,31402,Savannah,GA,31.971394,-81.07155999999999,-5,1,"31.971394,-81.07156",Chatham County
43085,30152,Kennesaw,GA,34.002146999999994,-84.63391999999999,-5,1,"34.002147,-84.63392",Cobb County
43117,30655,Monroe,GA,33.786041,-83.69901,-5,1,"33.786041,-83.69901",Ouachita Parish
43172,30376,Atlanta,GA,33.844371,-84.47405,-5,1,"33.844371,-84.47405",Fulton County
43184,31038,Hillsboro,GA,33.172786,-83.63554,-5,1,"33.172786,-83.63554",Washington County
